sample_id,crop,tissue,location,year,label_crop_tissue,split,province,location_clean,month,exposure,exposure_bin,plate,replicate,latitude,longitude,geo_cluster_100km,geo_cluster_100km_lat_center,geo_cluster_100km_lon_center,pest_bees_sum,pest_bees_count_detected,pest_bees_max,pest_nectar_sum,pest_nectar_count_detected,pest_nectar_max,pest_pollen_sum,pest_pollen_count_detected,pest_pollen_max,pest_wax_sum,pest_wax_count_detected,pest_wax_max,pest_sum_all,pest_count_all_detected,pest_max_all,pest_sum_all_bin6_label,pest_sum_all_bin6,nosema_spores_per_bee,CBPVnorm_copy_per_bee,ABPVnorm_copy_per_bee,KBVnorm_copy_per_bee,VDVnorm_copy_per_bee,SBVnorm_copy_per_bee,BQCVnorm_copy_per_bee,IAPVnorm_copy_per_bee,LSVnorm_copy_per_bee,mites_per_100_bees
P1_HBB04e_t2_H,HBB,H,Short's,2020,HBB_H,train,British Columbia,Short's,5,e,1,P1,4,49.0105383,-122.6996533,0.0,49.05281450833333,-122.87649428611111,1.043171115,6,0.798065296,9.121173914999998,7,4.273051321,2.688800792,6,1.644498186,0.0,0,0.0,12.853145821999998,19,4.273051321,10–100,3,742187.5,0.0,0.0,35.0,11274.35856,307080.1804,424310.2319,781290.2448,343833.1722,0.0
P1_HBB03u_t2_G,HBB,G,Alaksen new,2020,HBB_G,train,British Columbia,Alaksen new,5,u,0,P1,3,49.1011624,-123.1697091,0.0,49.05281450833333,-122.87649428611111,3.2366615879999996,7,1.730029732,0.0,0,0.0,0.0,0,0.0,0.0,0,0.0,3.2366615879999996,7,1.730029732,1–10,2,2421875.0,0.0,0.0,35.0,35.0,0.0,1323195.641,164882925.0,0.0,1.730029732
P1_HBB02u_t2_G,HBB,G,Julia cottage,2020,HBB_G,train,British Columbia,Julia cottage,5,u,0,P1,2,49.0120709,-123.0519279,0.0,49.05281450833333,-122.87649428611111,1.265451863,6,0.749697703,15.072410962,7,8.948004837,1.7472255030000001,7,1.209189843,0.0,0,0.0,18.085088327999998,20,8.948004837,10–100,3,1250000.0,0.0,0.0,0.0,2427.433385,16249.96333,905490.4161,92201.23038,23875197.02,0.0
P1_HBB01u_t2_G,HBB,G,Dianne's,2020,HBB_G,train,British Columbia,Dianne's,5,u,0,P1,1,49.011756,-123.0903459,0.0,49.05281450833333,-122.87649428611111,3.226582004,7,1.717049577,0.0,0,0.0,0.0,0,0.0,0.0,0,0.0,3.226582004,7,1.717049577,1–10,2,3164062.5,17022.89351,0.0,35.0,0.0,0.0,205614.7275,150558845.5,0.0,0.437418635
P1_HBB01u_t2_A,HBB,A,Dianne's,2020,HBB_A,train,British Columbia,Dianne's,5,u,0,P1,1,49.011756,-123.0903459,0.0,49.05281450833333,-122.87649428611111,3.226582004,7,1.717049577,0.0,0,0.0,0.0,0,0.0,0.0,0,0.0,3.226582004,7,1.717049577,1–10,2,3164062.5,17022.89351,0.0,35.0,0.0,0.0,205614.7275,150558845.5,0.0,0.437418635
P1_HBB04e_t2_G,HBB,G,Short's,2020,HBB_G,train,British Columbia,Short's,5,e,1,P1,4,49.0105383,-122.6996533,0.0,49.05281450833333,-122.87649428611111,1.043171115,6,0.798065296,9.121173914999998,7,4.273051321,2.688800792,6,1.644498186,0.0,0,0.0,12.853145821999998,19,4.273051321,10–100,3,742187.5,0.0,0.0,35.0,11274.35856,307080.1804,424310.2319,781290.2448,343833.1722,0.0
P1_HBB05e_t2_G,HBB,G,Frank's,2020,HBB_G,train,British Columbia,Frank's,5,e,1,P1,5,49.1186726,-122.581956,0.0,49.05281450833333,-122.87649428611111,1.442095971,4,0.88,1.242669,3,0.67,1.49965807,6,0.74,0.0,0,0.0,4.184423041,13,0.88,1–10,2,0.0,0.0,0.0,0.0,3295.118731,35.0,146144.279,94495570.27,124863177.5,0.276502587
P1_HBB02u_t2_H,HBB,H,Julia cottage,2020,HBB_H,train,British Columbia,Julia cottage,5,u,0,P1,2,49.0120709,-123.0519279,0.0,49.05281450833333,-122.87649428611111,1.265451863,6,0.749697703,15.072410962,7,8.948004837,1.7472255030000001,7,1.209189843,0.0,0,0.0,18.085088327999998,20,8.948004837,10–100,3,1250000.0,0.0,0.0,0.0,2427.433385,16249.96333,905490.4161,92201.23038,23875197.02,0.0
P1_HBB03e_t2_A,HBB,A,George 1,2020,HBB_A,train,British Columbia,George 1,5,e,1,P1,3,49.0780343,-123.1142132,0.0,49.05281450833333,-122.87649428611111,1.007525936,5,0.883290107,0.306997375,2,0.266021765,250.606629537,8,225.499727,0.0,0,0.0,251.921152848,15,225.499727,100–1k,4,1562500.0,0.0,0.0,0.0,2199.513247,35.0,7146691.892,3066164.867,216646951.1,0.883290107
P1_HBB03u_t2_A,HBB,A,Alaksen new,2020,HBB_A,train,British Columbia,Alaksen new,5,u,0,P1,3,49.1011624,-123.1697091,0.0,49.05281450833333,-122.87649428611111,3.2366615879999996,7,1.730029732,0.0,0,0.0,0.0,0,0.0,0.0,0,0.0,3.2366615879999996,7,1.730029732,1–10,2,2421875.0,0.0,0.0,35.0,35.0,0.0,1323195.641,164882925.0,0.0,1.730029732
P1_HBB05e_t2_H,HBB,H,Frank's,2020,HBB_H,train,British Columbia,Frank's,5,e,1,P1,5,49.1186726,-122.581956,0.0,49.05281450833333,-122.87649428611111,1.442095971,4,0.88,1.242669,3,0.67,1.49965807,6,0.74,0.0,0,0.0,4.184423041,13,0.88,1–10,2,0.0,0.0,0.0,0.0,3295.118731,35.0,146144.279,94495570.27,124863177.5,0.276502587
P1_HBB04u_t2_G,HBB,G,A Rocha,2020,HBB_G,train,British Columbia,A Rocha,5,u,0,P1,4,49.032486,-122.6844003,0.0,49.05281450833333,-122.87649428611111,0.8139335320000001,4,0.749697703,12.279407504,5,12.20871806,0.42418414800000004,5,0.168674699,0.0,0,0.0,13.517525184,14,12.20871806,10–100,3,546875.0,0.0,0.0,0.0,52338.05789,7810617.521,13873966.01,2392183089.0,977737405.7,0.0
P1_HBB05u_t2_H,HBB,H,Heather home,2020,HBB_H,train,British Columbia,Heather home,5,u,0,P1,5,49.0208407,-122.5693345,0.0,49.05281450833333,-122.87649428611111,0.7959499449999999,6,0.31,0.0,0,0.0,0.0,0,0.0,0.0,0,0.0,0.7959499449999999,6,0.31,≤ 1,1,234375.0,0.0,0.0,35.0,12454583.43,35.0,657892.5525,66960314.33,0.0,0.0
P1_HBB04e_t2_A,HBB,A,Short's,2020,HBB_A,train,British Columbia,Short's,5,e,1,P1,4,49.0105383,-122.6996533,0.0,49.05281450833333,-122.87649428611111,1.043171115,6,0.798065296,9.121173914999998,7,4.273051321,2.688800792,6,1.644498186,0.0,0,0.0,12.853145821999998,19,4.273051321,10–100,3,742187.5,0.0,0.0,35.0,11274.35856,307080.1804,424310.2319,781290.2448,343833.1722,0.0
P1_HBB03e_t2_G,HBB,G,George 1,2020,HBB_G,train,British Columbia,George 1,5,e,1,P1,3,49.0780343,-123.1142132,0.0,49.05281450833333,-122.87649428611111,1.007525936,5,0.883290107,0.306997375,2,0.266021765,250.606629537,8,225.499727,0.0,0,0.0,251.921152848,15,225.499727,100–1k,4,1562500.0,0.0,0.0,0.0,2199.513247,35.0,7146691.892,3066164.867,216646951.1,0.883290107
P1_HBB05u_t2_G,HBB,G,Heather home,2020,HBB_G,train,British Columbia,Heather home,5,u,0,P1,5,49.0208407,-122.5693345,0.0,49.05281450833333,-122.87649428611111,0.7959499449999999,6,0.31,0.0,0,0.0,0.0,0,0.0,0.0,0,0.0,0.7959499449999999,6,0.31,≤ 1,1,234375.0,0.0,0.0,35.0,12454583.43,35.0,657892.5525,66960314.33,0.0,0.0
P1_HBB05u_t2_A,HBB,A,Heather home,2020,HBB_A,train,British Columbia,Heather home,5,u,0,P1,5,49.0208407,-122.5693345,0.0,49.05281450833333,-122.87649428611111,0.7959499449999999,6,0.31,0.0,0,0.0,0.0,0,0.0,0.0,0,0.0,0.7959499449999999,6,0.31,≤ 1,1,234375.0,0.0,0.0,35.0,12454583.43,35.0,657892.5525,66960314.33,0.0,0.0
P1_HBB01e_t2_G,HBB,G,George 2,2020,HBB_G,train,British Columbia,George 2,5,e,1,P1,1,49.0609001,-123.0632941,0.0,49.05281450833333,-122.87649428611111,1.374845641,7,0.744987572,1.6512438129999998,6,1.30592503,1.0235589920000001,6,0.556227328,0.0,0,0.0,4.049648446,19,1.30592503,1–10,2,4375000.0,0.0,0.0,0.0,35.0,28358635.42,2959790.048,8927.733456,32343596.97,0.744987572
P1_HBB01e_t2_A,HBB,A,George 2,2020,HBB_A,train,British Columbia,George 2,5,e,1,P1,1,49.0609001,-123.0632941,0.0,49.05281450833333,-122.87649428611111,1.374845641,7,0.744987572,1.6512438129999998,6,1.30592503,1.0235589920000001,6,0.556227328,0.0,0,0.0,4.049648446,19,1.30592503,1–10,2,4375000.0,0.0,0.0,0.0,35.0,28358635.42,2959790.048,8927.733456,32343596.97,0.744987572
P1_HBB04u_t2_H,HBB,H,A Rocha,2020,HBB_H,train,British Columbia,A Rocha,5,u,0,P1,4,49.032486,-122.6844003,0.0,49.05281450833333,-122.87649428611111,0.8139335320000001,4,0.749697703,12.279407504,5,12.20871806,0.42418414800000004,5,0.168674699,0.0,0,0.0,13.517525184,14,12.20871806,10–100,3,546875.0,0.0,0.0,0.0,52338.05789,7810617.521,13873966.01,2392183089.0,977737405.7,0.0
P1_HBB01u_t2_H,HBB,H,Dianne's,2020,HBB_H,train,British Columbia,Dianne's,5,u,0,P1,1,49.011756,-123.0903459,0.0,49.05281450833333,-122.87649428611111,3.226582004,7,1.717049577,0.0,0,0.0,0.0,0,0.0,0.0,0,0.0,3.226582004,7,1.717049577,1–10,2,3164062.5,17022.89351,0.0,35.0,0.0,0.0,205614.7275,150558845.5,0.0,0.437418635
P1_HBB03u_t2_H,HBB,H,Alaksen new,2020,HBB_H,train,British Columbia,Alaksen new,5,u,0,P1,3,49.1011624,-123.1697091,0.0,49.05281450833333,-122.87649428611111,3.2366615879999996,7,1.730029732,0.0,0,0.0,0.0,0,0.0,0.0,0,0.0,3.2366615879999996,7,1.730029732,1–10,2,2421875.0,0.0,0.0,35.0,35.0,0.0,1323195.641,164882925.0,0.0,1.730029732
P1_HBB02e_t2_A,HBB,A,Mini Guichon,2020,HBB_A,train,British Columbia,Mini Guichon,5,e,1,P1,2,49.0453579,-123.0746929,0.0,49.05281450833333,-122.87649428611111,2.006823498,5,0.918984281,9.490917010999999,5,8.222490931,224.41788295700002,8,196.0867191,0.0,0,0.0,235.91562346600003,18,196.0867191,100–1k,4,1132812.5,0.0,0.0,0.0,353473.884,35.0,275225.6829,8163217.468,50229367.02,0.0
P1_HBB02u_t2_A,HBB,A,Julia cottage,2020,HBB_A,train,British Columbia,Julia cottage,5,u,0,P1,2,49.0120709,-123.0519279,0.0,49.05281450833333,-122.87649428611111,1.265451863,6,0.749697703,15.072410962,7,8.948004837,1.7472255030000001,7,1.209189843,0.0,0,0.0,18.085088327999998,20,8.948004837,10–100,3,1250000.0,0.0,0.0,0.0,2427.433385,16249.96333,905490.4161,92201.23038,23875197.02,0.0
P1_HBB02e_t2_G,HBB,G,Mini Guichon,2020,HBB_G,train,British Columbia,Mini Guichon,5,e,1,P1,2,49.0453579,-123.0746929,0.0,49.05281450833333,-122.87649428611111,2.006823498,5,0.918984281,9.490917010999999,5,8.222490931,224.41788295700002,8,196.0867191,0.0,0,0.0,235.91562346600003,18,196.0867191,100–1k,4,1132812.5,0.0,0.0,0.0,353473.884,35.0,275225.6829,8163217.468,50229367.02,0.0
P1_HBB03e_t2_H,HBB,H,George 1,2020,HBB_H,train,British Columbia,George 1,5,e,1,P1,3,49.0780343,-123.1142132,0.0,49.05281450833333,-122.87649428611111,1.007525936,5,0.883290107,0.306997375,2,0.266021765,250.606629537,8,225.499727,0.0,0,0.0,251.921152848,15,225.499727,100–1k,4,1562500.0,0.0,0.0,0.0,2199.513247,35.0,7146691.892,3066164.867,216646951.1,0.883290107
P1_HBB05e_t2_A,HBB,A,Frank's,2020,HBB_A,train,British Columbia,Frank's,5,e,1,P1,5,49.1186726,-122.581956,0.0,49.05281450833333,-122.87649428611111,1.442095971,4,0.88,1.242669,3,0.67,1.49965807,6,0.74,0.0,0,0.0,4.184423041,13,0.88,1–10,2,0.0,0.0,0.0,0.0,3295.118731,35.0,146144.279,94495570.27,124863177.5,0.276502587
P1_HBB04u_t2_A,HBB,A,A Rocha,2020,HBB_A,train,British Columbia,A Rocha,5,u,0,P1,4,49.032486,-122.6844003,0.0,49.05281450833333,-122.87649428611111,0.8139335320000001,4,0.749697703,12.279407504,5,12.20871806,0.42418414800000004,5,0.168674699,0.0,0,0.0,13.517525184,14,12.20871806,10–100,3,546875.0,0.0,0.0,0.0,52338.05789,7810617.521,13873966.01,2392183089.0,977737405.7,0.0
P1_HBB01e_t2_H,HBB,H,George 2,2020,HBB_H,train,British Columbia,George 2,5,e,1,P1,1,49.0609001,-123.0632941,0.0,49.05281450833333,-122.87649428611111,1.374845641,7,0.744987572,1.6512438129999998,6,1.30592503,1.0235589920000001,6,0.556227328,0.0,0,0.0,4.049648446,19,1.30592503,1–10,2,4375000.0,0.0,0.0,0.0,35.0,28358635.42,2959790.048,8927.733456,32343596.97,0.744987572
P1_HBB02e_t2_H,HBB,H,Mini Guichon,2020,HBB_H,train,British Columbia,Mini Guichon,5,e,1,P1,2,49.0453579,-123.0746929,0.0,49.05281450833333,-122.87649428611111,2.006823498,5,0.918984281,9.490917010999999,5,8.222490931,224.41788295700002,8,196.0867191,0.0,0,0.0,235.91562346600003,18,196.0867191,100–1k,4,1132812.5,0.0,0.0,0.0,353473.884,35.0,275225.6829,8163217.468,50229367.02,0.0
P3_HBB08u_t2_G,HBB,G,Alaksen new,2021,HBB_G,valid,British Columbia,Alaksen new,5,u,0,P3,8,49.1011624,-123.1697091,0.0,49.05281450833333,-122.87649428611111,0.584814216,1,0.584814216,5.220010075,4,4.943764677,196.24633215900002,2,196.0867191,0.0,0,0.0,202.05115645,7,196.0867191,100–1k,4,546875.0,0.0,0.0,0.0,1272363.671,4617.875563,0.0,33523811.54,202379949.1,0.584814216
P3_HBB07e_t2_A,HBB,A,Short's,2021,HBB_A,valid,British Columbia,Short's,5,e,1,P3,7,49.0105383,-122.6996533,0.0,49.05281450833333,-122.87649428611111,13.79162657,5,6.287787183,23.361704055,5,12.20871806,37.510891955999995,6,24.41743612,0.0,0,0.0,74.66422258099999,16,24.41743612,10–100,3,1406250.0,0.0,0.0,0.0,391852991.9,50062.88607,0.0,39200.81562,821827463.7,0.278521693
P3_HBB10e_t2_G,HBB,G,mini-Guichon,2021,HBB_G,valid,British Columbia,mini-Guichon,5,e,1,P3,10,49.0453579,-123.0746929,0.0,49.05281450833333,-122.87649428611111,1.1778185039999998,3,1.044604317,0.5272023539999999,3,0.507859734,0.410496808,4,0.23458283,0.0,0,0.0,2.1155176659999997,10,1.044604317,1–10,2,234375.0,0.0,0.0,0.0,813218135.1,158966.5349,0.0,240925389.4,375775370.2,1.044604317
P3_HBB06e_t2_A,HBB,A,Lee's BB,2021,HBB_A,valid,British Columbia,Lee's BB,5,e,1,P3,6,49.0184061,-122.4852703,0.0,49.05281450833333,-122.87649428611111,13.379237492000001,5,10.64087062,51.942597707,4,45.94921403,2.433394112,3,2.176541717,0.0,0,0.0,67.755229311,12,45.94921403,10–100,3,1171875.0,0.0,132900.4093,35.0,81740048.42,18827.12458,0.0,3000870287.0,1092016649.0,0.375880971
P3_HBB06e_t2_H,HBB,H,Lee's BB,2021,HBB_H,valid,British Columbia,Lee's BB,5,e,1,P3,6,49.0184061,-122.4852703,0.0,49.05281450833333,-122.87649428611111,13.379237492000001,5,10.64087062,51.942597707,4,45.94921403,2.433394112,3,2.176541717,0.0,0,0.0,67.755229311,12,45.94921403,10–100,3,1171875.0,0.0,132900.4093,35.0,81740048.42,18827.12458,0.0,3000870287.0,1092016649.0,0.375880971
P3_HBB09u_t2_H,HBB,H,Dianne's,2021,HBB_H,valid,British Columbia,Dianne's,5,u,0,P3,9,49.011756,-123.0903459,0.0,49.05281450833333,-122.87649428611111,1.549610141,2,1.280379372,0.338573156,1,0.338573156,0.101571947,1,0.101571947,0.0,0,0.0,1.9897552440000001,4,1.280379372,1–10,2,429687.5,0.0,0.0,0.0,160010139.7,35.0,0.0,98281340.52,174205208.2,1.280379372
P3_HBB09u_t2_G,HBB,G,Dianne's,2021,HBB_G,valid,British Columbia,Dianne's,5,u,0,P3,9,49.011756,-123.0903459,0.0,49.05281450833333,-122.87649428611111,1.549610141,2,1.280379372,0.338573156,1,0.338573156,0.101571947,1,0.101571947,0.0,0,0.0,1.9897552440000001,4,1.280379372,1–10,2,429687.5,0.0,0.0,0.0,160010139.7,35.0,0.0,98281340.52,174205208.2,1.280379372
P3_HBB10u_t2_G,HBB,G,Julia cottage,2021,HBB_G,valid,British Columbia,Julia cottage,5,u,0,P3,10,49.0120709,-123.0519279,0.0,49.05281450833333,-122.87649428611111,0.0,0,0.0,0.168874059,2,0.162031439,196.55729515000002,4,196.0867191,0.0,0,0.0,196.726169209,6,196.0867191,100–1k,4,625000.0,0.0,0.0,0.0,7964949.452,3498.409735,0.0,175456632.8,39508473.35,0.0
P3_HBB07u_t2_A,HBB,A,A Rocha,2021,HBB_A,valid,British Columbia,A Rocha,5,u,0,P3,7,49.032486,-122.6844003,0.0,49.05281450833333,-122.87649428611111,0.6124285819999999,3,0.547423695,0.00684262,1,0.00684262,0.036363636,1,0.036363636,0.0,0,0.0,0.655634838,5,0.547423695,≤ 1,1,703125.0,0.0,0.0,0.0,10859.00929,172445.0618,0.0,18748.1471,76237646.86,0.547423695
P3_HBB06u_t2_G,HBB,G,Heather home,2021,HBB_G,valid,British Columbia,Heather home,5,u,0,P3,6,49.0208407,-122.5693345,0.0,49.05281450833333,-122.87649428611111,2.955386475,5,1.860622463,344.41358982,5,339.522239,0.172330056,3,0.098,0.0,0,0.0,347.54130635100006,13,339.522239,100–1k,4,507812.5,0.0,0.0,0.0,6842.255335,0.0,0.0,20070849.65,189050025.7,1.860622463
P3_HBB07e_t2_G,HBB,G,Short's,2021,HBB_G,valid,British Columbia,Short's,5,e,1,P3,7,49.0105383,-122.6996533,0.0,49.05281450833333,-122.87649428611111,13.79162657,5,6.287787183,23.361704055,5,12.20871806,37.510891955999995,6,24.41743612,0.0,0,0.0,74.66422258099999,16,24.41743612,10–100,3,1406250.0,0.0,0.0,0.0,391852991.9,50062.88607,0.0,39200.81562,821827463.7,0.278521693
P3_HBB08u_t2_A,HBB,A,Alaksen new,2021,HBB_A,valid,British Columbia,Alaksen new,5,u,0,P3,8,49.1011624,-123.1697091,0.0,49.05281450833333,-122.87649428611111,0.584814216,1,0.584814216,5.220010075,4,4.943764677,196.24633215900002,2,196.0867191,0.0,0,0.0,202.05115645,7,196.0867191,100–1k,4,546875.0,0.0,0.0,0.0,1272363.671,4617.875563,0.0,33523811.54,202379949.1,0.584814216
P3_HBB06u_t2_A,HBB,A,Heather home,2021,HBB_A,valid,British Columbia,Heather home,5,u,0,P3,6,49.0208407,-122.5693345,0.0,49.05281450833333,-122.87649428611111,2.955386475,5,1.860622463,344.41358982,5,339.522239,0.172330056,3,0.098,0.0,0,0.0,347.54130635100006,13,339.522239,100–1k,4,507812.5,0.0,0.0,0.0,6842.255335,0.0,0.0,20070849.65,189050025.7,1.860622463
P3_HBB10u_t2_A,HBB,A,Julia cottage,2021,HBB_A,valid,British Columbia,Julia cottage,5,u,0,P3,10,49.0120709,-123.0519279,0.0,49.05281450833333,-122.87649428611111,0.0,0,0.0,0.168874059,2,0.162031439,196.55729515000002,4,196.0867191,0.0,0,0.0,196.726169209,6,196.0867191,100–1k,4,625000.0,0.0,0.0,0.0,7964949.452,3498.409735,0.0,175456632.8,39508473.35,0.0
P3_HBB09e_t2_G,HBB,G,George 2,2021,HBB_G,valid,British Columbia,George 2,5,e,1,P3,9,49.0609001,-123.0632941,0.0,49.05281450833333,-122.87649428611111,3.314571607,1,3.314571607,12.233105161000001,3,12.20871806,221.048986415,7,196.0867191,0.0,0,0.0,236.596663183,11,196.0867191,100–1k,4,1484375.0,0.0,0.0,0.0,630714.7597,35.0,0.0,3928262.585,103913318.3,3.314571607
P3_HBB08e_t2_G,HBB,G,George 1,2021,HBB_G,valid,British Columbia,George 1,5,e,1,P3,8,49.0780343,-123.1142132,0.0,49.05281450833333,-122.87649428611111,0.596956162,2,0.543432522,9.376429057,3,4.943764677,196.211777895,3,196.0867191,0.0,0,0.0,206.185163114,8,196.0867191,100–1k,4,39062.5,0.0,0.0,18400.9963,1801604478.0,40499.76869,0.0,1827082688.0,664668894.3,0.543432522
P3_HBB09e_t2_H,HBB,H,George 2,2021,HBB_H,valid,British Columbia,George 2,5,e,1,P3,9,49.0609001,-123.0632941,0.0,49.05281450833333,-122.87649428611111,3.314571607,1,3.314571607,12.233105161000001,3,12.20871806,221.048986415,7,196.0867191,0.0,0,0.0,236.596663183,11,196.0867191,100–1k,4,1484375.0,0.0,0.0,0.0,630714.7597,35.0,0.0,3928262.585,103913318.3,3.314571607
P3_HBB08u_t2_H,HBB,H,Alaksen new,2021,HBB_H,valid,British Columbia,Alaksen new,5,u,0,P3,8,49.1011624,-123.1697091,0.0,49.05281450833333,-122.87649428611111,0.584814216,1,0.584814216,5.220010075,4,4.943764677,196.24633215900002,2,196.0867191,0.0,0,0.0,202.05115645,7,196.0867191,100–1k,4,546875.0,0.0,0.0,0.0,1272363.671,4617.875563,0.0,33523811.54,202379949.1,0.584814216
P3_HBB06e_t2_G,HBB,G,Lee's BB,2021,HBB_G,valid,British Columbia,Lee's BB,5,e,1,P3,6,49.0184061,-122.4852703,0.0,49.05281450833333,-122.87649428611111,13.379237492000001,5,10.64087062,51.942597707,4,45.94921403,2.433394112,3,2.176541717,0.0,0,0.0,67.755229311,12,45.94921403,10–100,3,1171875.0,0.0,132900.4093,35.0,81740048.42,18827.12458,0.0,3000870287.0,1092016649.0,0.375880971
P3_HBB08e_t2_A,HBB,A,George 1,2021,HBB_A,valid,British Columbia,George 1,5,e,1,P3,8,49.0780343,-123.1142132,0.0,49.05281450833333,-122.87649428611111,0.596956162,2,0.543432522,9.376429057,3,4.943764677,196.211777895,3,196.0867191,0.0,0,0.0,206.185163114,8,196.0867191,100–1k,4,39062.5,0.0,0.0,18400.9963,1801604478.0,40499.76869,0.0,1827082688.0,664668894.3,0.543432522
P3_HBB08e_t2_H,HBB,H,George 1,2021,HBB_H,valid,British Columbia,George 1,5,e,1,P3,8,49.0780343,-123.1142132,0.0,49.05281450833333,-122.87649428611111,0.596956162,2,0.543432522,9.376429057,3,4.943764677,196.211777895,3,196.0867191,0.0,0,0.0,206.185163114,8,196.0867191,100–1k,4,39062.5,0.0,0.0,18400.9963,1801604478.0,40499.76869,0.0,1827082688.0,664668894.3,0.543432522
P3_HBB10u_t2_H,HBB,H,Julia cottage,2021,HBB_H,valid,British Columbia,Julia cottage,5,u,0,P3,10,49.0120709,-123.0519279,0.0,49.05281450833333,-122.87649428611111,0.0,0,0.0,0.168874059,2,0.162031439,196.55729515000002,4,196.0867191,0.0,0,0.0,196.726169209,6,196.0867191,100–1k,4,625000.0,0.0,0.0,0.0,7964949.452,3498.409735,0.0,175456632.8,39508473.35,0.0
P3_HBB07u_t2_G,HBB,G,A Rocha,2021,HBB_G,valid,British Columbia,A Rocha,5,u,0,P3,7,49.032486,-122.6844003,0.0,49.05281450833333,-122.87649428611111,0.6124285819999999,3,0.547423695,0.00684262,1,0.00684262,0.036363636,1,0.036363636,0.0,0,0.0,0.655634838,5,0.547423695,≤ 1,1,703125.0,0.0,0.0,0.0,10859.00929,172445.0618,0.0,18748.1471,76237646.86,0.547423695
P3_HBB09e_t2_A,HBB,A,George 2,2021,HBB_A,valid,British Columbia,George 2,5,e,1,P3,9,49.0609001,-123.0632941,0.0,49.05281450833333,-122.87649428611111,3.314571607,1,3.314571607,12.233105161000001,3,12.20871806,221.048986415,7,196.0867191,0.0,0,0.0,236.596663183,11,196.0867191,100–1k,4,1484375.0,0.0,0.0,0.0,630714.7597,35.0,0.0,3928262.585,103913318.3,3.314571607
P3_HBB09u_t2_A,HBB,A,Dianne's,2021,HBB_A,valid,British Columbia,Dianne's,5,u,0,P3,9,49.011756,-123.0903459,0.0,49.05281450833333,-122.87649428611111,1.549610141,2,1.280379372,0.338573156,1,0.338573156,0.101571947,1,0.101571947,0.0,0,0.0,1.9897552440000001,4,1.280379372,1–10,2,429687.5,0.0,0.0,0.0,160010139.7,35.0,0.0,98281340.52,174205208.2,1.280379372
P3_HBB06u_t2_H,HBB,H,Heather home,2021,HBB_H,valid,British Columbia,Heather home,5,u,0,P3,6,49.0208407,-122.5693345,0.0,49.05281450833333,-122.87649428611111,2.955386475,5,1.860622463,344.41358982,5,339.522239,0.172330056,3,0.098,0.0,0,0.0,347.54130635100006,13,339.522239,100–1k,4,507812.5,0.0,0.0,0.0,6842.255335,0.0,0.0,20070849.65,189050025.7,1.860622463
P3_HBB07u_t2_H,HBB,H,A Rocha,2021,HBB_H,valid,British Columbia,A Rocha,5,u,0,P3,7,49.032486,-122.6844003,0.0,49.05281450833333,-122.87649428611111,0.6124285819999999,3,0.547423695,0.00684262,1,0.00684262,0.036363636,1,0.036363636,0.0,0,0.0,0.655634838,5,0.547423695,≤ 1,1,703125.0,0.0,0.0,0.0,10859.00929,172445.0618,0.0,18748.1471,76237646.86,0.547423695
P3_HBB07e_t2_H,HBB,H,Short's,2021,HBB_H,valid,British Columbia,Short's,5,e,1,P3,7,49.0105383,-122.6996533,0.0,49.05281450833333,-122.87649428611111,13.79162657,5,6.287787183,23.361704055,5,12.20871806,37.510891955999995,6,24.41743612,0.0,0,0.0,74.66422258099999,16,24.41743612,10–100,3,1406250.0,0.0,0.0,0.0,391852991.9,50062.88607,0.0,39200.81562,821827463.7,0.278521693
P3_HBB10e_t2_A,HBB,A,mini-Guichon,2021,HBB_A,valid,British Columbia,mini-Guichon,5,e,1,P3,10,49.0453579,-123.0746929,0.0,49.05281450833333,-122.87649428611111,1.1778185039999998,3,1.044604317,0.5272023539999999,3,0.507859734,0.410496808,4,0.23458283,0.0,0,0.0,2.1155176659999997,10,1.044604317,1–10,2,234375.0,0.0,0.0,0.0,813218135.1,158966.5349,0.0,240925389.4,375775370.2,1.044604317
P3_HBB10e_t2_H,HBB,H,mini-Guichon,2021,HBB_H,valid,British Columbia,mini-Guichon,5,e,1,P3,10,49.0453579,-123.0746929,0.0,49.05281450833333,-122.87649428611111,1.1778185039999998,3,1.044604317,0.5272023539999999,3,0.507859734,0.410496808,4,0.23458283,0.0,0,0.0,2.1155176659999997,10,1.044604317,1–10,2,234375.0,0.0,0.0,0.0,813218135.1,158966.5349,0.0,240925389.4,375775370.2,1.044604317
P4_CRA01u_t2_A,CRA,A,A Rocha,2020,CRA_A,train,British Columbia,A Rocha,6,u,0,P4,1,49.032486,-122.6844003,0.0,49.05281450833333,-122.87649428611111,1.1918088089999999,2,1.164536082,0.01684262,2,0.01,0.39664081800000006,5,0.147521161,0.0,0,0.0,1.605292247,9,1.164536082,1–10,2,1406250.0,0.0,0.0,0.0,35.0,42884962.62,14460.4896,2538129.069,243544908.1,1.164536082
P4_CRA02e_t2_G,CRA,G,Steve & Mike Tim H's,2020,CRA_G,train,British Columbia,Steve & Mike Tim H's,6,e,1,P4,2,49.088025,-122.9461473,0.0,49.05281450833333,-122.87649428611111,0.147102962,3,0.097751711,0.319137493,5,0.174123337,1.9574192460000002,7,0.836538462,0.0,0,0.0,2.423659701,15,0.836538462,1–10,2,78125.0,0.0,0.0,0.0,35.0,39342.44134,85145.07237,5344386.149,414068895.3,0.0
P4_CRA05e_t2_H,CRA,H,Saint-Louis-de-Blandford,2020,CRA_H,train,Quebec,Saint-Louis-de-Blandford,7,e,1,P4,5,46.331927,-71.894905,1.0,46.5387565,-71.76715424999999,0.33653846099999996,2,0.269230769,0.0,0,0.0,0.236473684,3,0.125,0.0,0,0.0,0.573012145,5,0.269230769,≤ 1,1,39062.5,0.0,35.0,0.0,20373.45042,6077.133075,1335.148808,35.0,46045793.28,0.0
P4_CRA03e_t2_A,CRA,A,"Steve & Mike, River road, organic",2020,CRA_A,train,British Columbia,"Steve & Mike, River road, organic",6,e,1,P4,3,49.1234708,-123.0399787,0.0,49.05281450833333,-122.87649428611111,9.122066351,7,6.1144587,7.500386067,7,4.273051321,26.617096892,7,24.41743612,0.0,0,0.0,43.23954931,21,24.41743612,10–100,3,742187.5,0.0,0.0,0.0,35.0,48944109.56,230462.6623,203253.1926,89863142.03,6.1144587
P4_CRA04e_t2_G,CRA,G,Villeroy,2020,CRA_G,train,Quebec,Villeroy,7,e,1,P4,4,46.305636,-71.901737,1.0,46.5387565,-71.76715424999999,392.433558782,3,392.1734383,910.3514362000001,2,774.5425406,449.099001423,4,441.1951181,0.0,0,0.0,1751.8839964050003,9,774.5425406,1k–5k,5,234375.0,0.0,0.0,0.0,0.0,10760280.3,2170306.579,422998.4697,82444420.95,0.0
P4_CRA01e_t2_G,CRA,G,Frank's cran,2020,CRA_G,train,British Columbia,Frank's cran,6,e,1,P4,1,49.034512,-122.6037489,0.0,49.05281450833333,-122.87649428611111,0.567122144,6,0.345535304,12.874365096,6,12.20871806,25.455629744,7,24.41743612,0.0,0,0.0,38.897116984,19,24.41743612,10–100,3,781250.0,0.0,0.0,7149.133939,5041.115885,4429.88167,120387.8317,35726182.4,150699584.2,0.345535304
P4_CRA05e_t2_A,CRA,A,Saint-Louis-de-Blandford,2020,CRA_A,train,Quebec,Saint-Louis-de-Blandford,7,e,1,P4,5,46.331927,-71.894905,1.0,46.5387565,-71.76715424999999,0.33653846099999996,2,0.269230769,0.0,0,0.0,0.236473684,3,0.125,0.0,0,0.0,0.573012145,5,0.269230769,≤ 1,1,39062.5,0.0,35.0,0.0,20373.45042,6077.133075,1335.148808,35.0,46045793.28,0.0
P4_CRA03e_t2_G,CRA,G,"Steve & Mike, River road, organic",2020,CRA_G,train,British Columbia,"Steve & Mike, River road, organic",6,e,1,P4,3,49.1234708,-123.0399787,0.0,49.05281450833333,-122.87649428611111,9.122066351,7,6.1144587,7.500386067,7,4.273051321,26.617096892,7,24.41743612,0.0,0,0.0,43.23954931,21,24.41743612,10–100,3,742187.5,0.0,0.0,0.0,35.0,48944109.56,230462.6623,203253.1926,89863142.03,6.1144587
P4_CRA03e_t2_H,CRA,H,"Steve & Mike, River road, organic",2020,CRA_H,train,British Columbia,"Steve & Mike, River road, organic",6,e,1,P4,3,49.1234708,-123.0399787,0.0,49.05281450833333,-122.87649428611111,9.122066351,7,6.1144587,7.500386067,7,4.273051321,26.617096892,7,24.41743612,0.0,0,0.0,43.23954931,21,24.41743612,10–100,3,742187.5,0.0,0.0,0.0,35.0,48944109.56,230462.6623,203253.1926,89863142.03,6.1144587
P4_CRA04e_t2_H,CRA,H,Villeroy,2020,CRA_H,train,Quebec,Villeroy,7,e,1,P4,4,46.305636,-71.901737,1.0,46.5387565,-71.76715424999999,392.433558782,3,392.1734383,910.3514362000001,2,774.5425406,449.099001423,4,441.1951181,0.0,0,0.0,1751.8839964050003,9,774.5425406,1k–5k,5,234375.0,0.0,0.0,0.0,0.0,10760280.3,2170306.579,422998.4697,82444420.95,0.0
P4_CRA02e_t2_H,CRA,H,Steve & Mike Tim H's,2020,CRA_H,train,British Columbia,Steve & Mike Tim H's,6,e,1,P4,2,49.088025,-122.9461473,0.0,49.05281450833333,-122.87649428611111,0.147102962,3,0.097751711,0.319137493,5,0.174123337,1.9574192460000002,7,0.836538462,0.0,0,0.0,2.423659701,15,0.836538462,1–10,2,78125.0,0.0,0.0,0.0,35.0,39342.44134,85145.07237,5344386.149,414068895.3,0.0
P4_CRA04e_t2_A,CRA,A,Villeroy,2020,CRA_A,train,Quebec,Villeroy,7,e,1,P4,4,46.305636,-71.901737,1.0,46.5387565,-71.76715424999999,392.433558782,3,392.1734383,910.3514362000001,2,774.5425406,449.099001423,4,441.1951181,0.0,0,0.0,1751.8839964050003,9,774.5425406,1k–5k,5,234375.0,0.0,0.0,0.0,0.0,10760280.3,2170306.579,422998.4697,82444420.95,0.0
P4_CRA03u_t2_A,CRA,A,"Dianne's, suburban",2020,CRA_A,train,British Columbia,"Dianne's, suburban",6,u,0,P4,3,49.011756,-123.0903459,0.0,49.05281450833333,-122.87649428611111,2.913077419,3,2.681325488,6.315243225999999,6,4.273051321,0.850130944,4,0.725513906,0.0,0,0.0,10.078451588999998,13,4.273051321,10–100,3,1289062.5,0.0,0.0,0.0,102674.7853,35740.83445,87434.33194,0.0,6903423.161,2.681325488
P4_CRA05e_t2_G,CRA,G,Saint-Louis-de-Blandford,2020,CRA_G,train,Quebec,Saint-Louis-de-Blandford,7,e,1,P4,5,46.331927,-71.894905,1.0,46.5387565,-71.76715424999999,0.33653846099999996,2,0.269230769,0.0,0,0.0,0.236473684,3,0.125,0.0,0,0.0,0.573012145,5,0.269230769,≤ 1,1,39062.5,0.0,35.0,0.0,20373.45042,6077.133075,1335.148808,35.0,46045793.28,0.0
P4_CRA03u_t2_G,CRA,G,"Dianne's, suburban",2020,CRA_G,train,British Columbia,"Dianne's, suburban",6,u,0,P4,3,49.011756,-123.0903459,0.0,49.05281450833333,-122.87649428611111,2.913077419,3,2.681325488,6.315243225999999,6,4.273051321,0.850130944,4,0.725513906,0.0,0,0.0,10.078451588999998,13,4.273051321,10–100,3,1289062.5,0.0,0.0,0.0,102674.7853,35740.83445,87434.33194,0.0,6903423.161,2.681325488
P4_CRA04u_t2_A,CRA,A,"Gravel, Pont-rouge",2020,CRA_A,train,Quebec,"Gravel, Pont-rouge",7,u,0,P4,4,46.750313,-71.635391,1.0,46.5387565,-71.76715424999999,1241.248266569,3,848.8055975,3021.840081021,3,2037.133434,2153.554348177,5,1697.611195,0.0,0,0.0,6416.642695767,11,2037.133434,> 5k,6,78125.0,0.0,0.0,0.0,35.0,0.0,0.0,0.0,23551339.52,0.0
P4_CRA05u_t2_A,CRA,A,"Faucher sud, Pont-rouge",2020,CRA_A,train,Quebec,"Faucher sud, Pont-rouge",7,u,0,P4,5,46.76715,-71.636584,1.0,46.5387565,-71.76715424999999,1241.248266569,3,848.8055975,1491.1084221770002,3,1069.495053,1215.71958275,5,950.6622693,0.0,0,0.0,3948.076271496,11,1069.495053,1k–5k,5,0.0,0.0,0.0,0.0,35.0,0.0,1704.355099,0.0,86837285.91,0.0
P4_CRA02u_t2_G,CRA,G,"Kingfisher, market garden",2020,CRA_G,train,British Columbia,"Kingfisher, market garden",6,u,0,P4,2,49.0105506,-122.746342,0.0,49.05281450833333,-122.87649428611111,0.44061362400000004,2,0.409174688,0.247186254,5,0.176541717,0.212561225,3,0.133010883,0.0,0,0.0,0.900361103,10,0.409174688,≤ 1,1,507812.5,0.0,0.0,0.0,35.0,16953.36283,68587.14383,0.0,110990474.8,0.409174688
P4_CRA01u_t2_G,CRA,G,A Rocha,2020,CRA_G,train,British Columbia,A Rocha,6,u,0,P4,1,49.032486,-122.6844003,0.0,49.05281450833333,-122.87649428611111,1.1918088089999999,2,1.164536082,0.01684262,2,0.01,0.39664081800000006,5,0.147521161,0.0,0,0.0,1.605292247,9,1.164536082,1–10,2,1406250.0,0.0,0.0,0.0,35.0,42884962.62,14460.4896,2538129.069,243544908.1,1.164536082
P4_CRA02e_t2_A,CRA,A,Steve & Mike Tim H's,2020,CRA_A,train,British Columbia,Steve & Mike Tim H's,6,e,1,P4,2,49.088025,-122.9461473,0.0,49.05281450833333,-122.87649428611111,0.147102962,3,0.097751711,0.319137493,5,0.174123337,1.9574192460000002,7,0.836538462,0.0,0,0.0,2.423659701,15,0.836538462,1–10,2,78125.0,0.0,0.0,0.0,35.0,39342.44134,85145.07237,5344386.149,414068895.3,0.0
P4_CRA05u_t2_G,CRA,G,"Faucher sud, Pont-rouge",2020,CRA_G,train,Quebec,"Faucher sud, Pont-rouge",7,u,0,P4,5,46.76715,-71.636584,1.0,46.5387565,-71.76715424999999,1241.248266569,3,848.8055975,1491.1084221770002,3,1069.495053,1215.71958275,5,950.6622693,0.0,0,0.0,3948.076271496,11,1069.495053,1k–5k,5,0.0,0.0,0.0,0.0,35.0,0.0,1704.355099,0.0,86837285.91,0.0
P4_CRA04u_t2_G,CRA,G,"Gravel, Pont-rouge",2020,CRA_G,train,Quebec,"Gravel, Pont-rouge",7,u,0,P4,4,46.750313,-71.635391,1.0,46.5387565,-71.76715424999999,1241.248266569,3,848.8055975,3021.840081021,3,2037.133434,2153.554348177,5,1697.611195,0.0,0,0.0,6416.642695767,11,2037.133434,> 5k,6,78125.0,0.0,0.0,0.0,35.0,0.0,0.0,0.0,23551339.52,0.0
P4_CRA01e_t2_A,CRA,A,Frank's cran,2020,CRA_A,train,British Columbia,Frank's cran,6,e,1,P4,1,49.034512,-122.6037489,0.0,49.05281450833333,-122.87649428611111,0.567122144,6,0.345535304,12.874365096,6,12.20871806,25.455629744,7,24.41743612,0.0,0,0.0,38.897116984,19,24.41743612,10–100,3,781250.0,0.0,0.0,7149.133939,5041.115885,4429.88167,120387.8317,35726182.4,150699584.2,0.345535304
P4_CRA05u_t2_H,CRA,H,"Faucher sud, Pont-rouge",2020,CRA_H,train,Quebec,"Faucher sud, Pont-rouge",7,u,0,P4,5,46.76715,-71.636584,1.0,46.5387565,-71.76715424999999,1241.248266569,3,848.8055975,1491.1084221770002,3,1069.495053,1215.71958275,5,950.6622693,0.0,0,0.0,3948.076271496,11,1069.495053,1k–5k,5,0.0,0.0,0.0,0.0,35.0,0.0,1704.355099,0.0,86837285.91,0.0
P4_CRA01u_t2_H,CRA,H,A Rocha,2020,CRA_H,train,British Columbia,A Rocha,6,u,0,P4,1,49.032486,-122.6844003,0.0,49.05281450833333,-122.87649428611111,1.1918088089999999,2,1.164536082,0.01684262,2,0.01,0.39664081800000006,5,0.147521161,0.0,0,0.0,1.605292247,9,1.164536082,1–10,2,1406250.0,0.0,0.0,0.0,35.0,42884962.62,14460.4896,2538129.069,243544908.1,1.164536082
P4_CRA01e_t2_H,CRA,H,Frank's cran,2020,CRA_H,train,British Columbia,Frank's cran,6,e,1,P4,1,49.034512,-122.6037489,0.0,49.05281450833333,-122.87649428611111,0.567122144,6,0.345535304,12.874365096,6,12.20871806,25.455629744,7,24.41743612,0.0,0,0.0,38.897116984,19,24.41743612,10–100,3,781250.0,0.0,0.0,7149.133939,5041.115885,4429.88167,120387.8317,35726182.4,150699584.2,0.345535304
P4_CRA03u_t2_H,CRA,H,"Dianne's, suburban",2020,CRA_H,train,British Columbia,"Dianne's, suburban",6,u,0,P4,3,49.011756,-123.0903459,0.0,49.05281450833333,-122.87649428611111,2.913077419,3,2.681325488,6.315243225999999,6,4.273051321,0.850130944,4,0.725513906,0.0,0,0.0,10.078451588999998,13,4.273051321,10–100,3,1289062.5,0.0,0.0,0.0,102674.7853,35740.83445,87434.33194,0.0,6903423.161,2.681325488
P4_CRA02u_t2_A,CRA,A,"Kingfisher, market garden",2020,CRA_A,train,British Columbia,"Kingfisher, market garden",6,u,0,P4,2,49.0105506,-122.746342,0.0,49.05281450833333,-122.87649428611111,0.44061362400000004,2,0.409174688,0.247186254,5,0.176541717,0.212561225,3,0.133010883,0.0,0,0.0,0.900361103,10,0.409174688,≤ 1,1,507812.5,0.0,0.0,0.0,35.0,16953.36283,68587.14383,0.0,110990474.8,0.409174688
P4_CRA04u_t2_H,CRA,H,"Gravel, Pont-rouge",2020,CRA_H,train,Quebec,"Gravel, Pont-rouge",7,u,0,P4,4,46.750313,-71.635391,1.0,46.5387565,-71.76715424999999,1241.248266569,3,848.8055975,3021.840081021,3,2037.133434,2153.554348177,5,1697.611195,0.0,0,0.0,6416.642695767,11,2037.133434,> 5k,6,78125.0,0.0,0.0,0.0,35.0,0.0,0.0,0.0,23551339.52,0.0
P4_CRA02u_t2_H,CRA,H,"Kingfisher, market garden",2020,CRA_H,train,British Columbia,"Kingfisher, market garden",6,u,0,P4,2,49.0105506,-122.746342,0.0,49.05281450833333,-122.87649428611111,0.44061362400000004,2,0.409174688,0.247186254,5,0.176541717,0.212561225,3,0.133010883,0.0,0,0.0,0.900361103,10,0.409174688,≤ 1,1,507812.5,0.0,0.0,0.0,35.0,16953.36283,68587.14383,0.0,110990474.8,0.409174688
P5_CRA07e_t2_A,CRA,A,Steve & Mike Tim H's,2021,CRA_A,valid,British Columbia,Steve & Mike Tim H's,6,e,1,P5,7,49.088025,-122.9461473,0.0,49.05281450833333,-122.87649428611111,3.109658093,4,3.010526316,0.243971927,4,0.159613059,25.47953236,9,24.41743612,0.0,0,0.0,28.83316238,17,24.41743612,10–100,3,0.0,0.0,0.0,0.0,18940696.69,283160.7596,0.0,3197881204.0,481990946.1,3.010526316
P5_CRA06e_t2_A,CRA,A,Steve & Mike River Rd,2021,CRA_A,valid,British Columbia,Steve & Mike River Rd,6,e,1,P5,6,49.1234708,-123.0399787,0.0,49.05281450833333,-122.87649428611111,849.149457772,5,848.8055975,13.313559184,6,12.20871806,29.623158633,10,24.41743612,0.0,0,0.0,892.086175589,21,848.8055975,100–1k,4,39062.5,0.0,0.0,117860.3188,22666.61596,567311715.0,0.0,1515574861.0,775607397.6,0.0
P5_CRA10u_t2_H,CRA,H,Heather home,2021,CRA_H,valid,British Columbia,Heather home,6,u,0,P5,10,49.0208407,-122.5693345,0.0,49.05281450833333,-122.87649428611111,0.208781284,4,0.09,354.249135964,6,339.522239,27.931439287,6,24.41743612,0.0,0,0.0,382.389356535,16,339.522239,100–1k,4,546875.0,0.0,0.0,0.0,35.0,10530385.76,0.0,11938687.52,621959397.7,0.0
P5_CRA07u_t2_H,CRA,H,Julia cottage,2021,CRA_H,valid,British Columbia,Julia cottage,6,u,0,P5,7,49.0120709,-123.0519279,0.0,49.05281450833333,-122.87649428611111,0.02,1,0.02,5.459145968,6,4.273051321,0.393163362,6,0.115384615,0.0,0,0.0,5.872309329999999,13,4.273051321,1–10,2,273437.5,0.0,0.0,0.0,28026.85235,2402984.353,0.0,33505880.35,30077133.69,0.0
P5_CRA06u_t2_H,CRA,H,Reifel,2021,CRA_H,valid,British Columbia,Reifel,6,u,0,P5,6,49.09719,-123.1633959,0.0,49.05281450833333,-122.87649428611111,0.06,1,0.06,12.831360017000002,5,12.20871806,0.7295549769999999,6,0.234939759,0.0,0,0.0,13.620914994000001,12,12.20871806,10–100,3,429687.5,0.0,0.0,0.0,190154914.4,26755396.92,0.0,525020791.1,283827586.2,0.0
P5_CRA10u_t2_G,CRA,G,Heather home,2021,CRA_G,valid,British Columbia,Heather home,6,u,0,P5,10,49.0208407,-122.5693345,0.0,49.05281450833333,-122.87649428611111,0.208781284,4,0.09,354.249135964,6,339.522239,27.931439287,6,24.41743612,0.0,0,0.0,382.389356535,16,339.522239,100–1k,4,546875.0,0.0,0.0,0.0,35.0,10530385.76,0.0,11938687.52,621959397.7,0.0
P5_CRA08u_t2_H,CRA,H,"Kingfisher, market garden",2021,CRA_H,valid,British Columbia,"Kingfisher, market garden",6,u,0,P5,8,49.0105506,-122.746342,0.0,49.05281450833333,-122.87649428611111,0.02,1,0.02,368.28311354100003,5,339.522239,24.574380155,4,24.41743612,0.0,0,0.0,392.877493696,10,339.522239,100–1k,4,429687.5,0.0,0.0,0.0,35.0,13628634.74,0.0,377012.244,11091277.7,0.0
P5_CRA10u_t2_A,CRA,A,Heather home,2021,CRA_A,valid,British Columbia,Heather home,6,u,0,P5,10,49.0208407,-122.5693345,0.0,49.05281450833333,-122.87649428611111,0.208781284,4,0.09,354.249135964,6,339.522239,27.931439287,6,24.41743612,0.0,0,0.0,382.389356535,16,339.522239,100–1k,4,546875.0,0.0,0.0,0.0,35.0,10530385.76,0.0,11938687.52,621959397.7,0.0
P5_CRA09u_t2_G,CRA,G,A Rocha,2021,CRA_G,valid,British Columbia,A Rocha,6,u,0,P5,9,49.032486,-122.6844003,0.0,49.05281450833333,-122.87649428611111,0.12496310199999999,3,0.088,615.79542113,6,407.4266868,194.47858789,6,169.7611195,0.0,0,0.0,810.398972122,15,407.4266868,100–1k,4,39062.5,0.0,0.0,19831.45982,35.0,111241691.9,0.0,6113602567.0,331114172.5,0.0
P5_CRA09u_t2_H,CRA,H,A Rocha,2021,CRA_H,valid,British Columbia,A Rocha,6,u,0,P5,9,49.032486,-122.6844003,0.0,49.05281450833333,-122.87649428611111,0.12496310199999999,3,0.088,615.79542113,6,407.4266868,194.47858789,6,169.7611195,0.0,0,0.0,810.398972122,15,407.4266868,100–1k,4,39062.5,0.0,0.0,19831.45982,35.0,111241691.9,0.0,6113602567.0,331114172.5,0.0
P5_CRA08u_t2_A,CRA,A,"Kingfisher, market garden",2021,CRA_A,valid,British Columbia,"Kingfisher, market garden",6,u,0,P5,8,49.0105506,-122.746342,0.0,49.05281450833333,-122.87649428611111,0.02,1,0.02,368.28311354100003,5,339.522239,24.574380155,4,24.41743612,0.0,0,0.0,392.877493696,10,339.522239,100–1k,4,429687.5,0.0,0.0,0.0,35.0,13628634.74,0.0,377012.244,11091277.7,0.0
P5_CRA09u_t2_A,CRA,A,A Rocha,2021,CRA_A,valid,British Columbia,A Rocha,6,u,0,P5,9,49.032486,-122.6844003,0.0,49.05281450833333,-122.87649428611111,0.12496310199999999,3,0.088,615.79542113,6,407.4266868,194.47858789,6,169.7611195,0.0,0,0.0,810.398972122,15,407.4266868,100–1k,4,39062.5,0.0,0.0,19831.45982,35.0,111241691.9,0.0,6113602567.0,331114172.5,0.0
P5_CRA10e_t2_G,CRA,G,Frank's cran,2021,CRA_G,valid,British Columbia,Frank's cran,6,e,1,P5,10,49.034512,-122.6037489,0.0,49.05281450833333,-122.87649428611111,0.00684262,1,0.00684262,140.106334022,4,135.8088956,194.552002115,7,169.7611195,0.0,0,0.0,334.665178757,12,169.7611195,100–1k,4,546875.0,0.0,0.0,0.0,182507595.8,507241.1825,0.0,11784844.92,12229730.42,0.0
P5_CRA09e_t2_A,CRA,A,Derby Reach,2021,CRA_A,valid,British Columbia,Derby Reach,6,e,1,P5,9,49.200223,-122.6231,0.0,49.05281450833333,-122.87649428611111,0.400081907,2,0.344363432,351.821512294,5,339.522239,25.385376993,6,24.41743612,0.0,0,0.0,377.60697119400004,13,339.522239,100–1k,4,507812.5,0.0,0.0,0.0,20618.02272,1237601.834,0.0,11779473.01,1819187337.0,0.344363432
P5_CRA07u_t2_A,CRA,A,Julia cottage,2021,CRA_A,valid,British Columbia,Julia cottage,6,u,0,P5,7,49.0120709,-123.0519279,0.0,49.05281450833333,-122.87649428611111,0.02,1,0.02,5.459145968,6,4.273051321,0.393163362,6,0.115384615,0.0,0,0.0,5.872309329999999,13,4.273051321,1–10,2,273437.5,0.0,0.0,0.0,28026.85235,2402984.353,0.0,33505880.35,30077133.69,0.0
P5_CRA07u_t2_G,CRA,G,Julia cottage,2021,CRA_G,valid,British Columbia,Julia cottage,6,u,0,P5,7,49.0120709,-123.0519279,0.0,49.05281450833333,-122.87649428611111,0.02,1,0.02,5.459145968,6,4.273051321,0.393163362,6,0.115384615,0.0,0,0.0,5.872309329999999,13,4.273051321,1–10,2,273437.5,0.0,0.0,0.0,28026.85235,2402984.353,0.0,33505880.35,30077133.69,0.0
P5_CRA08u_t2_G,CRA,G,"Kingfisher, market garden",2021,CRA_G,valid,British Columbia,"Kingfisher, market garden",6,u,0,P5,8,49.0105506,-122.746342,0.0,49.05281450833333,-122.87649428611111,0.02,1,0.02,368.28311354100003,5,339.522239,24.574380155,4,24.41743612,0.0,0,0.0,392.877493696,10,339.522239,100–1k,4,429687.5,0.0,0.0,0.0,35.0,13628634.74,0.0,377012.244,11091277.7,0.0
P5_CRA06u_t2_G,CRA,G,Reifel,2021,CRA_G,valid,British Columbia,Reifel,6,u,0,P5,6,49.09719,-123.1633959,0.0,49.05281450833333,-122.87649428611111,0.06,1,0.06,12.831360017000002,5,12.20871806,0.7295549769999999,6,0.234939759,0.0,0,0.0,13.620914994000001,12,12.20871806,10–100,3,429687.5,0.0,0.0,0.0,190154914.4,26755396.92,0.0,525020791.1,283827586.2,0.0
P5_CRA06e_t2_G,CRA,G,Steve & Mike River Rd,2021,CRA_G,valid,British Columbia,Steve & Mike River Rd,6,e,1,P5,6,49.1234708,-123.0399787,0.0,49.05281450833333,-122.87649428611111,849.149457772,5,848.8055975,13.313559184,6,12.20871806,29.623158633,10,24.41743612,0.0,0,0.0,892.086175589,21,848.8055975,100–1k,4,39062.5,0.0,0.0,117860.3188,22666.61596,567311715.0,0.0,1515574861.0,775607397.6,0.0
P5_CRA10e_t2_A,CRA,A,Frank's cran,2021,CRA_A,valid,British Columbia,Frank's cran,6,e,1,P5,10,49.034512,-122.6037489,0.0,49.05281450833333,-122.87649428611111,0.00684262,1,0.00684262,140.106334022,4,135.8088956,194.552002115,7,169.7611195,0.0,0,0.0,334.665178757,12,169.7611195,100–1k,4,546875.0,0.0,0.0,0.0,182507595.8,507241.1825,0.0,11784844.92,12229730.42,0.0
P5_CRA07e_t2_H,CRA,H,Steve & Mike Tim H's,2021,CRA_H,valid,British Columbia,Steve & Mike Tim H's,6,e,1,P5,7,49.088025,-122.9461473,0.0,49.05281450833333,-122.87649428611111,3.109658093,4,3.010526316,0.243971927,4,0.159613059,25.47953236,9,24.41743612,0.0,0,0.0,28.83316238,17,24.41743612,10–100,3,0.0,0.0,0.0,0.0,18940696.69,283160.7596,0.0,3197881204.0,481990946.1,3.010526316
P5_CRA08e_t2_A,CRA,A,Dutch,2021,CRA_A,valid,British Columbia,Dutch,6,e,1,P5,8,49.097781,-122.912087,0.0,49.05281450833333,-122.87649428611111,2.269244424,6,1.860315605,394.803634023,5,390.4505749,1.379377008,7,0.78313253,0.0,0,0.0,398.452255455,18,390.4505749,100–1k,4,117187.5,0.0,0.0,0.0,83856249.32,11609656.01,0.0,393461428.5,341117681.9,1.860315605
P5_CRA10e_t2_H,CRA,H,Frank's cran,2021,CRA_H,valid,British Columbia,Frank's cran,6,e,1,P5,10,49.034512,-122.6037489,0.0,49.05281450833333,-122.87649428611111,0.00684262,1,0.00684262,140.106334022,4,135.8088956,194.552002115,7,169.7611195,0.0,0,0.0,334.665178757,12,169.7611195,100–1k,4,546875.0,0.0,0.0,0.0,182507595.8,507241.1825,0.0,11784844.92,12229730.42,0.0
P5_CRA06e_t2_H,CRA,H,Steve & Mike River Rd,2021,CRA_H,valid,British Columbia,Steve & Mike River Rd,6,e,1,P5,6,49.1234708,-123.0399787,0.0,49.05281450833333,-122.87649428611111,849.149457772,5,848.8055975,13.313559184,6,12.20871806,29.623158633,10,24.41743612,0.0,0,0.0,892.086175589,21,848.8055975,100–1k,4,39062.5,0.0,0.0,117860.3188,22666.61596,567311715.0,0.0,1515574861.0,775607397.6,0.0
P5_CRA08e_t2_H,CRA,H,Dutch,2021,CRA_H,valid,British Columbia,Dutch,6,e,1,P5,8,49.097781,-122.912087,0.0,49.05281450833333,-122.87649428611111,2.269244424,6,1.860315605,394.803634023,5,390.4505749,1.379377008,7,0.78313253,0.0,0,0.0,398.452255455,18,390.4505749,100–1k,4,117187.5,0.0,0.0,0.0,83856249.32,11609656.01,0.0,393461428.5,341117681.9,1.860315605
P5_CRA06u_t2_A,CRA,A,Reifel,2021,CRA_A,valid,British Columbia,Reifel,6,u,0,P5,6,49.09719,-123.1633959,0.0,49.05281450833333,-122.87649428611111,0.06,1,0.06,12.831360017000002,5,12.20871806,0.7295549769999999,6,0.234939759,0.0,0,0.0,13.620914994000001,12,12.20871806,10–100,3,429687.5,0.0,0.0,0.0,190154914.4,26755396.92,0.0,525020791.1,283827586.2,0.0
P5_CRA08e_t2_G,CRA,G,Dutch,2021,CRA_G,valid,British Columbia,Dutch,6,e,1,P5,8,49.097781,-122.912087,0.0,49.05281450833333,-122.87649428611111,2.269244424,6,1.860315605,394.803634023,5,390.4505749,1.379377008,7,0.78313253,0.0,0,0.0,398.452255455,18,390.4505749,100–1k,4,117187.5,0.0,0.0,0.0,83856249.32,11609656.01,0.0,393461428.5,341117681.9,1.860315605
P5_CRA09e_t2_H,CRA,H,Derby Reach,2021,CRA_H,valid,British Columbia,Derby Reach,6,e,1,P5,9,49.200223,-122.6231,0.0,49.05281450833333,-122.87649428611111,0.400081907,2,0.344363432,351.821512294,5,339.522239,25.385376993,6,24.41743612,0.0,0,0.0,377.60697119400004,13,339.522239,100–1k,4,507812.5,0.0,0.0,0.0,20618.02272,1237601.834,0.0,11779473.01,1819187337.0,0.344363432
P5_CRA07e_t2_G,CRA,G,Steve & Mike Tim H's,2021,CRA_G,valid,British Columbia,Steve & Mike Tim H's,6,e,1,P5,7,49.088025,-122.9461473,0.0,49.05281450833333,-122.87649428611111,3.109658093,4,3.010526316,0.243971927,4,0.159613059,25.47953236,9,24.41743612,0.0,0,0.0,28.83316238,17,24.41743612,10–100,3,0.0,0.0,0.0,0.0,18940696.69,283160.7596,0.0,3197881204.0,481990946.1,3.010526316
P5_CRA09e_t2_G,CRA,G,Derby Reach,2021,CRA_G,valid,British Columbia,Derby Reach,6,e,1,P5,9,49.200223,-122.6231,0.0,49.05281450833333,-122.87649428611111,0.400081907,2,0.344363432,351.821512294,5,339.522239,25.385376993,6,24.41743612,0.0,0,0.0,377.60697119400004,13,339.522239,100–1k,4,507812.5,0.0,0.0,0.0,20618.02272,1237601.834,0.0,11779473.01,1819187337.0,0.344363432
P3_CAC02e_t2_A,CAC,A,Starbuck,2020,CAC_A,train,0,Starbuck,7,e,1,P3,2,49.773901,-97.607089,2.0,49.742667000000004,-97.00711749999999,0.22755497500000002,3,0.126506024,15.432514485,3,8.0,22.885399892000002,6,17.79755284,0.0,0,0.0,38.545469352000005,12,17.79755284,10–100,3,1289062.5,0.0,0.0,0.0,0.0,16441992.26,23559456.2,0.0,1037858.779,0.0
P3_CAC01e_t2_H,CAC,H,Lynae's,2020,CAC_H,train,0,Lynae's,7,e,1,P3,1,49.80634,-113.00279,3.0,49.799274125,-112.288790875,0.0,0,0.0,264.7170708,1,264.7170708,13.257508908999998,2,13.23943662,0.0,0,0.0,277.974579709,3,264.7170708,100–1k,4,2031250.0,0.0,0.0,2766699.454,0.0,13145.84649,53505415.73,0.0,165970253.5,0.0
P3_CAC01u_t2_A,CAC,A,CFIA secret lab,2020,CAC_A,train,0,CFIA secret lab,7,u,0,P3,1,49.72337,-112.97734,3.0,49.799274125,-112.288790875,0.045454545,1,0.045454545,0.0,0,0.0,0.340909091,1,0.340909091,0.0,0,0.0,0.386363636,2,0.340909091,≤ 1,1,1601562.5,0.0,0.0,0.0,5313.339397,242895.6378,13414117.4,0.0,173700319.6,0.0
P3_CAC04e_t2_G,CAC,G,LaGlace,2020,CAC_G,train,0,LaGlace,7,e,1,P3,4,55.2336,-119.0444,4.0,55.22141375,-119.1533625,0.0,0,0.0,284.3257427,1,284.3257427,0.0,0,0.0,0.0,0,0.0,284.3257427,1,284.3257427,100–1k,4,1406250.0,0.0,0.0,0.0,0.0,1078777393.0,2880333.279,0.0,68717732.85,0.0
P3_CAC05e_t2_A,CAC,A,Halcourt,2020,CAC_A,train,0,Halcourt,7,e,1,P3,5,55.06551,-119.2722,4.0,55.22141375,-119.1533625,0.0,0,0.0,137.2607034,1,137.2607034,0.0,0,0.0,0.0,0,0.0,137.2607034,1,137.2607034,100–1k,4,1093750.0,0.0,0.0,0.0,0.0,3743634.563,7427.893591,0.0,11406186.29,0.0
P3_CAC04u_t2_A,CAC,A,"Railroad yard, Demmit",2020,CAC_A,train,0,"Railroad yard, Demmit",7,u,0,P3,4,55.265,-119.5439,4.0,55.22141375,-119.1533625,0.0,0,0.0,0.0,0,0.0,0.0,0,0.0,0.0,0,0.0,0.0,0,0.0,≤ 1,1,1250000.0,0.0,0.0,0.0,35.0,35549414.82,1298.941436,0.0,10764524.17,0.0
P3_CAC01u_t2_G,CAC,G,CFIA secret lab,2020,CAC_G,train,0,CFIA secret lab,7,u,0,P3,1,49.72337,-112.97734,3.0,49.799274125,-112.288790875,0.045454545,1,0.045454545,0.0,0,0.0,0.340909091,1,0.340909091,0.0,0,0.0,0.386363636,2,0.340909091,≤ 1,1,1601562.5,0.0,0.0,0.0,5313.339397,242895.6378,13414117.4,0.0,173700319.6,0.0
P3_CAC04e_t2_A,CAC,A,LaGlace,2020,CAC_A,train,0,LaGlace,7,e,1,P3,4,55.2336,-119.0444,4.0,55.22141375,-119.1533625,0.0,0,0.0,284.3257427,1,284.3257427,0.0,0,0.0,0.0,0,0.0,284.3257427,1,284.3257427,100–1k,4,1406250.0,0.0,0.0,0.0,0.0,1078777393.0,2880333.279,0.0,68717732.85,0.0
P3_CAC05e_t2_H,CAC,H,Halcourt,2020,CAC_H,train,0,Halcourt,7,e,1,P3,5,55.06551,-119.2722,4.0,55.22141375,-119.1533625,0.0,0,0.0,137.2607034,1,137.2607034,0.0,0,0.0,0.0,0,0.0,137.2607034,1,137.2607034,100–1k,4,1093750.0,0.0,0.0,0.0,0.0,3743634.563,7427.893591,0.0,11406186.29,0.0
P3_CAC03u_t2_H,CAC,H,"Fort whyte alive, Winnipeg",2020,CAC_H,train,0,"Fort whyte alive, Winnipeg",7,u,0,P3,3,49.824971,-97.219093,2.0,49.742667000000004,-97.00711749999999,0.060240964,1,0.060240964,166.764072746,2,166.6737113,1.400973123,3,1.204819277,0.0,0,0.0,168.225286833,6,166.6737113,100–1k,4,2109375.0,0.0,0.0,0.0,0.0,1735046.086,23946690.35,0.0,55694617.75,0.0
P3_CAC01e_t2_G,CAC,G,Lynae's,2020,CAC_G,train,0,Lynae's,7,e,1,P3,1,49.80634,-113.00279,3.0,49.799274125,-112.288790875,0.0,0,0.0,264.7170708,1,264.7170708,13.257508908999998,2,13.23943662,0.0,0,0.0,277.974579709,3,264.7170708,100–1k,4,2031250.0,0.0,0.0,2766699.454,0.0,13145.84649,53505415.73,0.0,165970253.5,0.0
P3_CAC02e_t2_H,CAC,H,Starbuck,2020,CAC_H,train,0,Starbuck,7,e,1,P3,2,49.773901,-97.607089,2.0,49.742667000000004,-97.00711749999999,0.22755497500000002,3,0.126506024,15.432514485,3,8.0,22.885399892000002,6,17.79755284,0.0,0,0.0,38.545469352000005,12,17.79755284,10–100,3,1289062.5,0.0,0.0,0.0,0.0,16441992.26,23559456.2,0.0,1037858.779,0.0
P3_CAC04e_t2_H,CAC,H,LaGlace,2020,CAC_H,train,0,LaGlace,7,e,1,P3,4,55.2336,-119.0444,4.0,55.22141375,-119.1533625,0.0,0,0.0,284.3257427,1,284.3257427,0.0,0,0.0,0.0,0,0.0,284.3257427,1,284.3257427,100–1k,4,1406250.0,0.0,0.0,0.0,0.0,1078777393.0,2880333.279,0.0,68717732.85,0.0
P3_CAC03e_t2_H,CAC,H,Starbuck,2020,CAC_H,train,0,Starbuck,7,e,1,P3,3,49.828232,-97.64152,2.0,49.742667000000004,-97.00711749999999,0.17254865600000002,3,0.067307692,158.908549846,4,156.8693753,15.856364045,5,11.86503522,0.0,0,0.0,174.937462547,12,156.8693753,100–1k,4,2031250.0,0.0,0.0,0.0,7243.924505,246958581.9,128120650.8,0.0,80396813.9,0.0
P3_CAC03e_t2_A,CAC,A,Starbuck,2020,CAC_A,train,0,Starbuck,7,e,1,P3,3,49.828232,-97.64152,2.0,49.742667000000004,-97.00711749999999,0.17254865600000002,3,0.067307692,158.908549846,4,156.8693753,15.856364045,5,11.86503522,0.0,0,0.0,174.937462547,12,156.8693753,100–1k,4,2031250.0,0.0,0.0,0.0,7243.924505,246958581.9,128120650.8,0.0,80396813.9,0.0
P3_CAC03e_t2_G,CAC,G,Starbuck,2020,CAC_G,train,0,Starbuck,7,e,1,P3,3,49.828232,-97.64152,2.0,49.742667000000004,-97.00711749999999,0.17254865600000002,3,0.067307692,158.908549846,4,156.8693753,15.856364045,5,11.86503522,0.0,0,0.0,174.937462547,12,156.8693753,100–1k,4,2031250.0,0.0,0.0,0.0,7243.924505,246958581.9,128120650.8,0.0,80396813.9,0.0
P3_CAC05u_t2_G,CAC,G,"Peter's house, Demmit",2020,CAC_G,train,0,"Peter's house, Demmit",7,u,0,P3,5,55.2507,-119.4742,4.0,55.22141375,-119.1533625,0.0,0,0.0,0.0,0,0.0,0.0,0,0.0,0.0,0,0.0,0.0,0,0.0,≤ 1,1,234375.0,0.0,0.0,0.0,0.0,215432.7044,13715954.29,0.0,77967650.06,0.0
P3_CAC02u_t2_H,CAC,H,"Sandilands forest discovery centre, Hadashville",2020,CAC_H,train,0,"Sandilands forest discovery centre, Hadashville",7,u,0,P3,2,49.625858,-95.917741,2.0,49.742667000000004,-97.00711749999999,0.0,0,0.0,0.0,0,0.0,0.107858708,2,0.079545455,0.0,0,0.0,0.107858708,2,0.079545455,≤ 1,1,664062.5,0.0,0.0,0.0,0.0,0.0,27774.77079,0.0,1813340.651,0.0
P3_CAC02e_t2_G,CAC,G,Starbuck,2020,CAC_G,train,0,Starbuck,7,e,1,P3,2,49.773901,-97.607089,2.0,49.742667000000004,-97.00711749999999,0.22755497500000002,3,0.126506024,15.432514485,3,8.0,22.885399892000002,6,17.79755284,0.0,0,0.0,38.545469352000005,12,17.79755284,10–100,3,1289062.5,0.0,0.0,0.0,0.0,16441992.26,23559456.2,0.0,1037858.779,0.0
P3_CAC01e_t2_A,CAC,A,Lynae's,2020,CAC_A,train,0,Lynae's,7,e,1,P3,1,49.80634,-113.00279,3.0,49.799274125,-112.288790875,0.0,0,0.0,264.7170708,1,264.7170708,13.257508908999998,2,13.23943662,0.0,0,0.0,277.974579709,3,264.7170708,100–1k,4,2031250.0,0.0,0.0,2766699.454,0.0,13145.84649,53505415.73,0.0,165970253.5,0.0
P3_CAC01u_t2_H,CAC,H,CFIA secret lab,2020,CAC_H,train,0,CFIA secret lab,7,u,0,P3,1,49.72337,-112.97734,3.0,49.799274125,-112.288790875,0.045454545,1,0.045454545,0.0,0,0.0,0.340909091,1,0.340909091,0.0,0,0.0,0.386363636,2,0.340909091,≤ 1,1,1601562.5,0.0,0.0,0.0,5313.339397,242895.6378,13414117.4,0.0,173700319.6,0.0
P3_CAC05e_t2_G,CAC,G,Halcourt,2020,CAC_G,train,0,Halcourt,7,e,1,P3,5,55.06551,-119.2722,4.0,55.22141375,-119.1533625,0.0,0,0.0,137.2607034,1,137.2607034,0.0,0,0.0,0.0,0,0.0,137.2607034,1,137.2607034,100–1k,4,1093750.0,0.0,0.0,0.0,0.0,3743634.563,7427.893591,0.0,11406186.29,0.0
P3_CAC05u_t2_A,CAC,A,"Peter's house, Demmit",2020,CAC_A,train,0,"Peter's house, Demmit",7,u,0,P3,5,55.2507,-119.4742,4.0,55.22141375,-119.1533625,0.0,0,0.0,0.0,0,0.0,0.0,0,0.0,0.0,0,0.0,0.0,0,0.0,≤ 1,1,234375.0,0.0,0.0,0.0,0.0,215432.7044,13715954.29,0.0,77967650.06,0.0
P3_CAC04u_t2_G,CAC,G,"Railroad yard, Demmit",2020,CAC_G,train,0,"Railroad yard, Demmit",7,u,0,P3,4,55.265,-119.5439,4.0,55.22141375,-119.1533625,0.0,0,0.0,0.0,0,0.0,0.0,0,0.0,0.0,0,0.0,0.0,0,0.0,≤ 1,1,1250000.0,0.0,0.0,0.0,35.0,35549414.82,1298.941436,0.0,10764524.17,0.0
P3_CAC03u_t2_A,CAC,A,"Fort whyte alive, Winnipeg",2020,CAC_A,train,0,"Fort whyte alive, Winnipeg",7,u,0,P3,3,49.824971,-97.219093,2.0,49.742667000000004,-97.00711749999999,0.060240964,1,0.060240964,166.764072746,2,166.6737113,1.400973123,3,1.204819277,0.0,0,0.0,168.225286833,6,166.6737113,100–1k,4,2109375.0,0.0,0.0,0.0,0.0,1735046.086,23946690.35,0.0,55694617.75,0.0
P3_CAC02u_t2_G,CAC,G,"Sandilands forest discovery centre, Hadashville",2020,CAC_G,train,0,"Sandilands forest discovery centre, Hadashville",7,u,0,P3,2,49.625858,-95.917741,2.0,49.742667000000004,-97.00711749999999,0.0,0,0.0,0.0,0,0.0,0.107858708,2,0.079545455,0.0,0,0.0,0.107858708,2,0.079545455,≤ 1,1,664062.5,0.0,0.0,0.0,0.0,0.0,27774.77079,0.0,1813340.651,0.0
P3_CAC04u_t2_H,CAC,H,"Railroad yard, Demmit",2020,CAC_H,train,0,"Railroad yard, Demmit",7,u,0,P3,4,55.265,-119.5439,4.0,55.22141375,-119.1533625,0.0,0,0.0,0.0,0,0.0,0.0,0,0.0,0.0,0,0.0,0.0,0,0.0,≤ 1,1,1250000.0,0.0,0.0,0.0,35.0,35549414.82,1298.941436,0.0,10764524.17,0.0
P3_CAC05u_t2_H,CAC,H,"Peter's house, Demmit",2020,CAC_H,train,0,"Peter's house, Demmit",7,u,0,P3,5,55.2507,-119.4742,4.0,55.22141375,-119.1533625,0.0,0,0.0,0.0,0,0.0,0.0,0,0.0,0.0,0,0.0,0.0,0,0.0,≤ 1,1,234375.0,0.0,0.0,0.0,0.0,215432.7044,13715954.29,0.0,77967650.06,0.0
P3_CAC03u_t2_G,CAC,G,"Fort whyte alive, Winnipeg",2020,CAC_G,train,0,"Fort whyte alive, Winnipeg",7,u,0,P3,3,49.824971,-97.219093,2.0,49.742667000000004,-97.00711749999999,0.060240964,1,0.060240964,166.764072746,2,166.6737113,1.400973123,3,1.204819277,0.0,0,0.0,168.225286833,6,166.6737113,100–1k,4,2109375.0,0.0,0.0,0.0,0.0,1735046.086,23946690.35,0.0,55694617.75,0.0
P3_CAC02u_t2_A,CAC,A,"Sandilands forest discovery centre, Hadashville",2020,CAC_A,train,0,"Sandilands forest discovery centre, Hadashville",7,u,0,P3,2,49.625858,-95.917741,2.0,49.742667000000004,-97.00711749999999,0.0,0,0.0,0.0,0,0.0,0.107858708,2,0.079545455,0.0,0,0.0,0.107858708,2,0.079545455,≤ 1,1,664062.5,0.0,0.0,0.0,0.0,0.0,27774.77079,0.0,1813340.651,0.0
P7_CAC06u_t2_A,CAC,A,"Lethbridge, Observatory (sham move)",2021,CAC_A,valid,0,"Lethbridge, Observatory (sham move)",7,u,0,P7,6,49.681553,-112.87246,3.0,49.799274125,-112.288790875,0.0,0,0.0,339.522239,1,339.522239,679.1474702070001,5,679.044478,0.0,0,0.0,1018.6697092070001,6,679.044478,1k–5k,5,117187.5,0.0,0.0,0.0,15959.22532,712606.5883,13470642.67,0.0,498575721.9,0.0
P7_CAC07u_t2_H,CAC,H,"Sandilands Forest Discovery Centre, Hadashville",2021,CAC_H,valid,0,"Sandilands Forest Discovery Centre, Hadashville",7,u,0,P7,7,49.625858,-95.917741,2.0,49.742667000000004,-97.00711749999999,0.269230769,1,0.269230769,0.0,0,0.0,0.133456904,2,0.115384615,0.0,0,0.0,0.40268767299999997,3,0.269230769,≤ 1,1,0.0,0.0,0.0,0.0,0.0,35.0,193753.654,0.0,1730417918.0,0.0
P7_CAC09e_t2_A,CAC,A,"Sexsmith, Bill Tremier's small apiary",2021,CAC_A,valid,0,"Sexsmith, Bill Tremier's small apiary",7,e,1,P7,9,55.2156,-118.4438,4.0,55.22141375,-119.1533625,0.333157339,1,0.333157339,0.0,0,0.0,0.0,0,0.0,0.0,0,0.0,0.333157339,1,0.333157339,≤ 1,1,156250.0,0.0,0.0,0.0,12914852.36,55518.75705,74779.68506,0.0,254750467.4,0.333157339
P7_CAC06u_t2_H,CAC,H,"Lethbridge, Observatory (sham move)",2021,CAC_H,valid,0,"Lethbridge, Observatory (sham move)",7,u,0,P7,6,49.681553,-112.87246,3.0,49.799274125,-112.288790875,0.0,0,0.0,339.522239,1,339.522239,679.1474702070001,5,679.044478,0.0,0,0.0,1018.6697092070001,6,679.044478,1k–5k,5,117187.5,0.0,0.0,0.0,15959.22532,712606.5883,13470642.67,0.0,498575721.9,0.0
P7_CAC10e_t2_H,CAC,H,"Sexsmith, Bill Tremier's medium apiary",2021,CAC_H,valid,0,"Sexsmith, Bill Tremier's medium apiary",7,e,1,P7,10,55.2248,-118.4301,4.0,55.22141375,-119.1533625,0.333116742,1,0.333116742,0.0,0,0.0,0.0,0,0.0,0.0,0,0.0,0.333116742,1,0.333116742,≤ 1,1,117187.5,0.0,0.0,44545.66043,265567.5001,108053.7885,44552912.31,13348.60325,877896123.6,0.333116742
P7_CAC08u_t2_A,CAC,A,Richer,2021,CAC_A,valid,0,Richer,7,u,0,P7,8,49.691847,-96.469779,2.0,49.742667000000004,-97.00711749999999,0.43255814,1,0.43255814,0.0,0,0.0,0.387116114,4,0.27100271,0.0,0,0.0,0.8196742539999999,5,0.43255814,≤ 1,1,0.0,0.0,0.0,0.0,490801884.3,4485878.845,8538643.689,0.0,95222512.23,0.43255814
P7_CAC10e_t2_G,CAC,G,"Sexsmith, Bill Tremier's medium apiary",2021,CAC_G,valid,0,"Sexsmith, Bill Tremier's medium apiary",7,e,1,P7,10,55.2248,-118.4301,4.0,55.22141375,-119.1533625,0.333116742,1,0.333116742,0.0,0,0.0,0.0,0,0.0,0.0,0,0.0,0.333116742,1,0.333116742,≤ 1,1,117187.5,0.0,0.0,44545.66043,265567.5001,108053.7885,44552912.31,13348.60325,877896123.6,0.333116742
P7_CAC09u_t2_H,CAC,H,Demmit,2021,CAC_H,valid,0,Demmit,7,u,0,P7,9,55.2649,-119.544,4.0,55.22141375,-119.1533625,0.0,0,0.0,0.0,0,0.0,0.0,0,0.0,0.0,0,0.0,0.0,0,0.0,≤ 1,1,39062.5,0.0,0.0,0.0,169315.7672,35.0,3019493.672,0.0,61039802.99,0.0
P7_CAC10e_t2_A,CAC,A,"Sexsmith, Bill Tremier's medium apiary",2021,CAC_A,valid,0,"Sexsmith, Bill Tremier's medium apiary",7,e,1,P7,10,55.2248,-118.4301,4.0,55.22141375,-119.1533625,0.333116742,1,0.333116742,0.0,0,0.0,0.0,0,0.0,0.0,0,0.0,0.333116742,1,0.333116742,≤ 1,1,117187.5,0.0,0.0,44545.66043,265567.5001,108053.7885,44552912.31,13348.60325,877896123.6,0.333116742
P7_CAC08e_t2_H,CAC,H,Starbuck 2,2021,CAC_H,valid,0,Starbuck 2,7,e,1,P7,8,49.742437,-97.642457,2.0,49.742667000000004,-97.00711749999999,0.0,0,0.0,0.0,0,0.0,0.057167832,2,0.048076923,0.0,0,0.0,0.057167832,2,0.048076923,≤ 1,1,0.0,0.0,0.0,0.0,0.0,0.0,2316955.371,0.0,567313974.6,0.0
P7_CAC10u_t2_H,CAC,H,Demmit,2021,CAC_H,valid,0,Demmit,7,u,0,P7,10,55.2512,-119.4743,4.0,55.22141375,-119.1533625,0.0,0,0.0,0.0,0,0.0,0.307692308,1,0.307692308,0.0,0,0.0,0.307692308,1,0.307692308,≤ 1,1,0.0,0.0,0.0,35.0,1607086022.0,782562090.3,225884704.1,0.0,536956726.2,0.0
P7_CAC10u_t2_A,CAC,A,Demmit,2021,CAC_A,valid,0,Demmit,7,u,0,P7,10,55.2512,-119.4743,4.0,55.22141375,-119.1533625,0.0,0,0.0,0.0,0,0.0,0.307692308,1,0.307692308,0.0,0,0.0,0.307692308,1,0.307692308,≤ 1,1,0.0,0.0,0.0,35.0,1607086022.0,782562090.3,225884704.1,0.0,536956726.2,0.0
P7_CAC06e_t2_A,CAC,A,"Lethbridge, Sternberg",2021,CAC_A,valid,0,"Lethbridge, Sternberg",7,e,1,P7,6,49.844118,-113.006957,3.0,49.799274125,-112.288790875,0.030120482,1,0.030120482,849.189923694,4,594.1639183,196.412226408,3,196.0867191,0.0,0,0.0,1045.632270584,8,594.1639183,1k–5k,5,312500.0,0.0,0.0,0.0,11260.29505,0.0,12231863.76,0.0,3879868018.0,0.0
P7_CAC09u_t2_A,CAC,A,Demmit,2021,CAC_A,valid,0,Demmit,7,u,0,P7,9,55.2649,-119.544,4.0,55.22141375,-119.1533625,0.0,0,0.0,0.0,0,0.0,0.0,0,0.0,0.0,0,0.0,0.0,0,0.0,≤ 1,1,39062.5,0.0,0.0,0.0,169315.7672,35.0,3019493.672,0.0,61039802.99,0.0
P7_CAC07e_t2_H,CAC,H,Starbuck 1,2021,CAC_H,valid,0,Starbuck 1,7,e,1,P7,7,49.828232,-97.64152,2.0,49.742667000000004,-97.00711749999999,0.192307692,1,0.192307692,0.0,0,0.0,8.768072289,2,8.75,0.0,0,0.0,8.960379980999999,3,8.75,1–10,2,0.0,0.0,0.0,0.0,12819.91704,0.0,18546.55096,0.0,272227522.5,0.0
P7_CAC08u_t2_H,CAC,H,Richer,2021,CAC_H,valid,0,Richer,7,u,0,P7,8,49.691847,-96.469779,2.0,49.742667000000004,-97.00711749999999,0.43255814,1,0.43255814,0.0,0,0.0,0.387116114,4,0.27100271,0.0,0,0.0,0.8196742539999999,5,0.43255814,≤ 1,1,0.0,0.0,0.0,0.0,490801884.3,4485878.845,8538643.689,0.0,95222512.23,0.43255814
P7_CAC07u_t2_A,CAC,A,"Sandilands Forest Discovery Centre, Hadashville",2021,CAC_A,valid,0,"Sandilands Forest Discovery Centre, Hadashville",7,u,0,P7,7,49.625858,-95.917741,2.0,49.742667000000004,-97.00711749999999,0.269230769,1,0.269230769,0.0,0,0.0,0.133456904,2,0.115384615,0.0,0,0.0,0.40268767299999997,3,0.269230769,≤ 1,1,0.0,0.0,0.0,0.0,0.0,35.0,193753.654,0.0,1730417918.0,0.0
P7_CAC06e_t2_H,CAC,H,"Lethbridge, Sternberg",2021,CAC_H,valid,0,"Lethbridge, Sternberg",7,e,1,P7,6,49.844118,-113.006957,3.0,49.799274125,-112.288790875,0.030120482,1,0.030120482,849.189923694,4,594.1639183,196.412226408,3,196.0867191,0.0,0,0.0,1045.632270584,8,594.1639183,1k–5k,5,312500.0,0.0,0.0,0.0,11260.29505,0.0,12231863.76,0.0,3879868018.0,0.0
P7_CAC09e_t2_H,CAC,H,"Sexsmith, Bill Tremier's small apiary",2021,CAC_H,valid,0,"Sexsmith, Bill Tremier's small apiary",7,e,1,P7,9,55.2156,-118.4438,4.0,55.22141375,-119.1533625,0.333157339,1,0.333157339,0.0,0,0.0,0.0,0,0.0,0.0,0,0.0,0.333157339,1,0.333157339,≤ 1,1,156250.0,0.0,0.0,0.0,12914852.36,55518.75705,74779.68506,0.0,254750467.4,0.333157339
P7_CAC07e_t2_A,CAC,A,Starbuck 1,2021,CAC_A,valid,0,Starbuck 1,7,e,1,P7,7,49.828232,-97.64152,2.0,49.742667000000004,-97.00711749999999,0.192307692,1,0.192307692,0.0,0,0.0,8.768072289,2,8.75,0.0,0,0.0,8.960379980999999,3,8.75,1–10,2,0.0,0.0,0.0,0.0,12819.91704,0.0,18546.55096,0.0,272227522.5,0.0
P7_CAC09u_t2_G,CAC,G,Demmit,2021,CAC_G,valid,0,Demmit,7,u,0,P7,9,55.2649,-119.544,4.0,55.22141375,-119.1533625,0.0,0,0.0,0.0,0,0.0,0.0,0,0.0,0.0,0,0.0,0.0,0,0.0,≤ 1,1,39062.5,0.0,0.0,0.0,169315.7672,35.0,3019493.672,0.0,61039802.99,0.0
P7_CAC09e_t2_G,CAC,G,"Sexsmith, Bill Tremier's small apiary",2021,CAC_G,valid,0,"Sexsmith, Bill Tremier's small apiary",7,e,1,P7,9,55.2156,-118.4438,4.0,55.22141375,-119.1533625,0.333157339,1,0.333157339,0.0,0,0.0,0.0,0,0.0,0.0,0,0.0,0.333157339,1,0.333157339,≤ 1,1,156250.0,0.0,0.0,0.0,12914852.36,55518.75705,74779.68506,0.0,254750467.4,0.333157339
P7_CAC08u_t2_G,CAC,G,Richer,2021,CAC_G,valid,0,Richer,7,u,0,P7,8,49.691847,-96.469779,2.0,49.742667000000004,-97.00711749999999,0.43255814,1,0.43255814,0.0,0,0.0,0.387116114,4,0.27100271,0.0,0,0.0,0.8196742539999999,5,0.43255814,≤ 1,1,0.0,0.0,0.0,0.0,490801884.3,4485878.845,8538643.689,0.0,95222512.23,0.43255814
P7_CAC08e_t2_A,CAC,A,Starbuck 2,2021,CAC_A,valid,0,Starbuck 2,7,e,1,P7,8,49.742437,-97.642457,2.0,49.742667000000004,-97.00711749999999,0.0,0,0.0,0.0,0,0.0,0.057167832,2,0.048076923,0.0,0,0.0,0.057167832,2,0.048076923,≤ 1,1,0.0,0.0,0.0,0.0,0.0,0.0,2316955.371,0.0,567313974.6,0.0
P7_CAC07e_t2_G,CAC,G,Starbuck 1,2021,CAC_G,valid,0,Starbuck 1,7,e,1,P7,7,49.828232,-97.64152,2.0,49.742667000000004,-97.00711749999999,0.192307692,1,0.192307692,0.0,0,0.0,8.768072289,2,8.75,0.0,0,0.0,8.960379980999999,3,8.75,1–10,2,0.0,0.0,0.0,0.0,12819.91704,0.0,18546.55096,0.0,272227522.5,0.0
P7_CAC07u_t2_G,CAC,G,"Sandilands Forest Discovery Centre, Hadashville",2021,CAC_G,valid,0,"Sandilands Forest Discovery Centre, Hadashville",7,u,0,P7,7,49.625858,-95.917741,2.0,49.742667000000004,-97.00711749999999,0.269230769,1,0.269230769,0.0,0,0.0,0.133456904,2,0.115384615,0.0,0,0.0,0.40268767299999997,3,0.269230769,≤ 1,1,0.0,0.0,0.0,0.0,0.0,35.0,193753.654,0.0,1730417918.0,0.0
P7_CAC10u_t2_G,CAC,G,Demmit,2021,CAC_G,valid,0,Demmit,7,u,0,P7,10,55.2512,-119.4743,4.0,55.22141375,-119.1533625,0.0,0,0.0,0.0,0,0.0,0.307692308,1,0.307692308,0.0,0,0.0,0.307692308,1,0.307692308,≤ 1,1,0.0,0.0,0.0,35.0,1607086022.0,782562090.3,225884704.1,0.0,536956726.2,0.0
P7_CAC06u_t2_G,CAC,G,"Lethbridge, Observatory (sham move)",2021,CAC_G,valid,0,"Lethbridge, Observatory (sham move)",7,u,0,P7,6,49.681553,-112.87246,3.0,49.799274125,-112.288790875,0.0,0,0.0,339.522239,1,339.522239,679.1474702070001,5,679.044478,0.0,0,0.0,1018.6697092070001,6,679.044478,1k–5k,5,117187.5,0.0,0.0,0.0,15959.22532,712606.5883,13470642.67,0.0,498575721.9,0.0
P7_CAC06e_t2_G,CAC,G,"Lethbridge, Sternberg",2021,CAC_G,valid,0,"Lethbridge, Sternberg",7,e,1,P7,6,49.844118,-113.006957,3.0,49.799274125,-112.288790875,0.030120482,1,0.030120482,849.189923694,4,594.1639183,196.412226408,3,196.0867191,0.0,0,0.0,1045.632270584,8,594.1639183,1k–5k,5,312500.0,0.0,0.0,0.0,11260.29505,0.0,12231863.76,0.0,3879868018.0,0.0
P7_CAC08e_t2_G,CAC,G,Starbuck 2,2021,CAC_G,valid,0,Starbuck 2,7,e,1,P7,8,49.742437,-97.642457,2.0,49.742667000000004,-97.00711749999999,0.0,0,0.0,0.0,0,0.0,0.057167832,2,0.048076923,0.0,0,0.0,0.057167832,2,0.048076923,≤ 1,1,0.0,0.0,0.0,0.0,0.0,0.0,2316955.371,0.0,567313974.6,0.0
P3_CAS01e_t2_G,CAS,G,Johnson,2020,CAS_G,train,0,Johnson,7,e,1,P3,1,49.75709,-112.22976,3.0,49.799274125,-112.288790875,0.019550342,1,0.019550342,565.041243108,3,339.522239,683.162827756,7,679.044478,0.0,0,0.0,1248.223621206,11,679.044478,1k–5k,5,117187.5,523702.8418,0.0,0.0,35.0,1341949.35,21262267.32,357657.3972,295789989.7,0.0
P3_CAS02e_t2_H,CAS,H,Ryan 12919,2020,CAS_H,train,0,Ryan 12919,7,e,1,P3,2,49.71378,-112.10933,3.0,49.799274125,-112.288790875,0.18419026500000002,4,0.108433735,545.533251931,4,339.522239,683.287251329,9,679.044478,0.0,0,0.0,1229.004693525,17,679.044478,1k–5k,5,703125.0,0.0,0.0,0.0,0.0,65064344.41,29659361.98,5946.129253,510873610.1,0.0
P3_CAS05u_t2_H,CAS,H,Reece 4,2020,CAS_H,train,0,Reece 4,7,u,0,P3,5,49.79544,-112.30722,3.0,49.799274125,-112.288790875,10.755286157999999,6,9.887529354,652.707034993,5,339.522239,944.814598818,11,679.044478,0.0,0,0.0,1608.2769199690001,22,679.044478,1k–5k,5,390625.0,0.0,0.0,0.0,0.0,72069001.48,9349265.123,0.0,95282598.98,0.0
P3_CAS01e_t2_A,CAS,A,Johnson,2020,CAS_A,train,0,Johnson,7,e,1,P3,1,49.75709,-112.22976,3.0,49.799274125,-112.288790875,0.019550342,1,0.019550342,565.041243108,3,339.522239,683.162827756,7,679.044478,0.0,0,0.0,1248.223621206,11,679.044478,1k–5k,5,117187.5,523702.8418,0.0,0.0,35.0,1341949.35,21262267.32,357657.3972,295789989.7,0.0
P3_CAS02e_t2_A,CAS,A,Ryan 12919,2020,CAS_A,train,0,Ryan 12919,7,e,1,P3,2,49.71378,-112.10933,3.0,49.799274125,-112.288790875,0.18419026500000002,4,0.108433735,545.533251931,4,339.522239,683.287251329,9,679.044478,0.0,0,0.0,1229.004693525,17,679.044478,1k–5k,5,703125.0,0.0,0.0,0.0,0.0,65064344.41,29659361.98,5946.129253,510873610.1,0.0
P3_CAS04u_t2_G,CAS,G,Reece 9,2020,CAS_G,train,0,Reece 9,7,u,0,P3,4,49.79822,-112.21793,3.0,49.799274125,-112.288790875,10.041759912,4,9.887529354,449.178002392,4,441.3789107,772.909070914,10,696.02059,0.0,0,0.0,1232.128833218,18,696.02059,1k–5k,5,156250.0,0.0,0.0,0.0,0.0,384980.6717,1668149.119,0.0,430956917.6,0.0
P3_CAS04u_t2_A,CAS,A,Reece 9,2020,CAS_A,train,0,Reece 9,7,u,0,P3,4,49.79822,-112.21793,3.0,49.799274125,-112.288790875,10.041759912,4,9.887529354,449.178002392,4,441.3789107,772.909070914,10,696.02059,0.0,0,0.0,1232.128833218,18,696.02059,1k–5k,5,156250.0,0.0,0.0,0.0,0.0,384980.6717,1668149.119,0.0,430956917.6,0.0
P3_CAS03e_t2_A,CAS,A,Ryan turcato,2020,CAS_A,train,0,Ryan turcato,7,e,1,P3,3,49.69812,-112.03618,3.0,49.799274125,-112.288790875,0.537743703,3,0.420454546,476.903424328,3,339.522239,685.4973243100001,6,679.044478,0.0,0,0.0,1162.938492341,12,679.044478,1k–5k,5,2734375.0,0.0,0.0,0.0,0.0,125644260.2,7710067.334,0.0,611212050.2,0.0
P3_CAS02u_t2_A,CAS,A,Reece 22,2020,CAS_A,train,0,Reece 22,7,u,0,P3,2,49.88074,-112.14367,3.0,49.799274125,-112.288790875,0.075120482,2,0.045,390.474068876,2,390.4505749,875.351343431,6,679.044478,0.0,0,0.0,1265.900532789,10,679.044478,1k–5k,5,625000.0,50338.32135,0.0,0.0,0.0,41713094.4,238412.1458,35.0,227906271.0,0.0
P3_CAS01e_t2_H,CAS,H,Johnson,2020,CAS_H,train,0,Johnson,7,e,1,P3,1,49.75709,-112.22976,3.0,49.799274125,-112.288790875,0.019550342,1,0.019550342,565.041243108,3,339.522239,683.162827756,7,679.044478,0.0,0,0.0,1248.223621206,11,679.044478,1k–5k,5,117187.5,523702.8418,0.0,0.0,35.0,1341949.35,21262267.32,357657.3972,295789989.7,0.0
P3_CAS03u_t2_H,CAS,H,Reece 49,2020,CAS_H,train,0,Reece 49,7,u,0,P3,3,49.84338,-112.14535,3.0,49.799274125,-112.288790875,0.084154874,2,0.060240964,344.490100063,3,339.522239,1043.4022587050001,7,679.044478,0.0,0,0.0,1387.976513642,12,679.044478,1k–5k,5,39062.5,0.0,0.0,0.0,35.0,4526746.78,127977.3821,35.0,145975109.5,0.0
P3_CAS03u_t2_G,CAS,G,Reece 49,2020,CAS_G,train,0,Reece 49,7,u,0,P3,3,49.84338,-112.14535,3.0,49.799274125,-112.288790875,0.084154874,2,0.060240964,344.490100063,3,339.522239,1043.4022587050001,7,679.044478,0.0,0,0.0,1387.976513642,12,679.044478,1k–5k,5,39062.5,0.0,0.0,0.0,35.0,4526746.78,127977.3821,35.0,145975109.5,0.0
P3_CAS02u_t2_G,CAS,G,Reece 22,2020,CAS_G,train,0,Reece 22,7,u,0,P3,2,49.88074,-112.14367,3.0,49.799274125,-112.288790875,0.075120482,2,0.045,390.474068876,2,390.4505749,875.351343431,6,679.044478,0.0,0,0.0,1265.900532789,10,679.044478,1k–5k,5,625000.0,50338.32135,0.0,0.0,0.0,41713094.4,238412.1458,35.0,227906271.0,0.0
P3_CAS05e_t2_G,CAS,G,Ryan spring river,2020,CAS_G,train,0,Ryan spring river,7,e,1,P3,5,49.81462,-112.07036,3.0,49.799274125,-112.288790875,0.432064033,3,0.352272727,339.73294546200003,3,339.522239,693.4946288709999,8,679.044478,0.0,0,0.0,1033.6596383659999,14,679.044478,1k–5k,5,234375.0,0.0,0.0,0.0,0.0,4249288.689,741061.1701,35.0,20714809.14,0.0
P3_CAS04e_t2_H,CAS,H,Ryan windiana,2020,CAS_H,train,0,Ryan windiana,7,e,1,P3,4,49.80884,-111.91251,3.0,49.799274125,-112.288790875,0.030120482,1,0.030120482,339.568022133,2,339.522239,172.830239958,7,169.7611195,0.0,0,0.0,512.4283825729999,10,339.522239,100–1k,4,1250000.0,0.0,0.0,0.0,0.0,43782006.13,14703552.25,66968.60303,590487694.7,0.0
P3_CAS02e_t2_G,CAS,G,Ryan 12919,2020,CAS_G,train,0,Ryan 12919,7,e,1,P3,2,49.71378,-112.10933,3.0,49.799274125,-112.288790875,0.18419026500000002,4,0.108433735,545.533251931,4,339.522239,683.287251329,9,679.044478,0.0,0,0.0,1229.004693525,17,679.044478,1k–5k,5,703125.0,0.0,0.0,0.0,0.0,65064344.41,29659361.98,5946.129253,510873610.1,0.0
P3_CAS05u_t2_A,CAS,A,Reece 4,2020,CAS_A,train,0,Reece 4,7,u,0,P3,5,49.79544,-112.30722,3.0,49.799274125,-112.288790875,10.755286157999999,6,9.887529354,652.707034993,5,339.522239,944.814598818,11,679.044478,0.0,0,0.0,1608.2769199690001,22,679.044478,1k–5k,5,390625.0,0.0,0.0,0.0,0.0,72069001.48,9349265.123,0.0,95282598.98,0.0
P3_CAS05e_t2_A,CAS,A,Ryan spring river,2020,CAS_A,train,0,Ryan spring river,7,e,1,P3,5,49.81462,-112.07036,3.0,49.799274125,-112.288790875,0.432064033,3,0.352272727,339.73294546200003,3,339.522239,693.4946288709999,8,679.044478,0.0,0,0.0,1033.6596383659999,14,679.044478,1k–5k,5,234375.0,0.0,0.0,0.0,0.0,4249288.689,741061.1701,35.0,20714809.14,0.0
P3_CAS02u_t2_H,CAS,H,Reece 22,2020,CAS_H,train,0,Reece 22,7,u,0,P3,2,49.88074,-112.14367,3.0,49.799274125,-112.288790875,0.075120482,2,0.045,390.474068876,2,390.4505749,875.351343431,6,679.044478,0.0,0,0.0,1265.900532789,10,679.044478,1k–5k,5,625000.0,50338.32135,0.0,0.0,0.0,41713094.4,238412.1458,35.0,227906271.0,0.0
P3_CAS03e_t2_H,CAS,H,Ryan turcato,2020,CAS_H,train,0,Ryan turcato,7,e,1,P3,3,49.69812,-112.03618,3.0,49.799274125,-112.288790875,0.537743703,3,0.420454546,476.903424328,3,339.522239,685.4973243100001,6,679.044478,0.0,0,0.0,1162.938492341,12,679.044478,1k–5k,5,2734375.0,0.0,0.0,0.0,0.0,125644260.2,7710067.334,0.0,611212050.2,0.0
P3_CAS04e_t2_G,CAS,G,Ryan windiana,2020,CAS_G,train,0,Ryan windiana,7,e,1,P3,4,49.80884,-111.91251,3.0,49.799274125,-112.288790875,0.030120482,1,0.030120482,339.568022133,2,339.522239,172.830239958,7,169.7611195,0.0,0,0.0,512.4283825729999,10,339.522239,100–1k,4,1250000.0,0.0,0.0,0.0,0.0,43782006.13,14703552.25,66968.60303,590487694.7,0.0
P3_CAS03u_t2_A,CAS,A,Reece 49,2020,CAS_A,train,0,Reece 49,7,u,0,P3,3,49.84338,-112.14535,3.0,49.799274125,-112.288790875,0.084154874,2,0.060240964,344.490100063,3,339.522239,1043.4022587050001,7,679.044478,0.0,0,0.0,1387.976513642,12,679.044478,1k–5k,5,39062.5,0.0,0.0,0.0,35.0,4526746.78,127977.3821,35.0,145975109.5,0.0
P3_CAS01u_t2_H,CAS,H,Reece 38,2020,CAS_H,train,0,Reece 38,7,u,0,P3,1,49.80025,-112.11636,3.0,49.799274125,-112.288790875,0.132513691,3,0.060240964,339.636696831,2,339.522239,1092.87589464,7,679.044478,0.0,0,0.0,1432.6451051620002,12,679.044478,1k–5k,5,781250.0,0.0,0.0,0.0,0.0,789356.2748,64447836.08,13653974.94,1136909609.0,0.0
P3_CAS01u_t2_A,CAS,A,Reece 38,2020,CAS_A,train,0,Reece 38,7,u,0,P3,1,49.80025,-112.11636,3.0,49.799274125,-112.288790875,0.132513691,3,0.060240964,339.636696831,2,339.522239,1092.87589464,7,679.044478,0.0,0,0.0,1432.6451051620002,12,679.044478,1k–5k,5,781250.0,0.0,0.0,0.0,0.0,789356.2748,64447836.08,13653974.94,1136909609.0,0.0
P3_CAS04e_t2_A,CAS,A,Ryan windiana,2020,CAS_A,train,0,Ryan windiana,7,e,1,P3,4,49.80884,-111.91251,3.0,49.799274125,-112.288790875,0.030120482,1,0.030120482,339.568022133,2,339.522239,172.830239958,7,169.7611195,0.0,0,0.0,512.4283825729999,10,339.522239,100–1k,4,1250000.0,0.0,0.0,0.0,0.0,43782006.13,14703552.25,66968.60303,590487694.7,0.0
P3_CAS03e_t2_G,CAS,G,Ryan turcato,2020,CAS_G,train,0,Ryan turcato,7,e,1,P3,3,49.69812,-112.03618,3.0,49.799274125,-112.288790875,0.537743703,3,0.420454546,476.903424328,3,339.522239,685.4973243100001,6,679.044478,0.0,0,0.0,1162.938492341,12,679.044478,1k–5k,5,2734375.0,0.0,0.0,0.0,0.0,125644260.2,7710067.334,0.0,611212050.2,0.0
P3_CAS05e_t2_H,CAS,H,Ryan spring river,2020,CAS_H,train,0,Ryan spring river,7,e,1,P3,5,49.81462,-112.07036,3.0,49.799274125,-112.288790875,0.432064033,3,0.352272727,339.73294546200003,3,339.522239,693.4946288709999,8,679.044478,0.0,0,0.0,1033.6596383659999,14,679.044478,1k–5k,5,234375.0,0.0,0.0,0.0,0.0,4249288.689,741061.1701,35.0,20714809.14,0.0
P3_CAS01u_t2_G,CAS,G,Reece 38,2020,CAS_G,train,0,Reece 38,7,u,0,P3,1,49.80025,-112.11636,3.0,49.799274125,-112.288790875,0.132513691,3,0.060240964,339.636696831,2,339.522239,1092.87589464,7,679.044478,0.0,0,0.0,1432.6451051620002,12,679.044478,1k–5k,5,781250.0,0.0,0.0,0.0,0.0,789356.2748,64447836.08,13653974.94,1136909609.0,0.0
P3_CAS05u_t2_G,CAS,G,Reece 4,2020,CAS_G,train,0,Reece 4,7,u,0,P3,5,49.79544,-112.30722,3.0,49.799274125,-112.288790875,10.755286157999999,6,9.887529354,652.707034993,5,339.522239,944.814598818,11,679.044478,0.0,0,0.0,1608.2769199690001,22,679.044478,1k–5k,5,390625.0,0.0,0.0,0.0,0.0,72069001.48,9349265.123,0.0,95282598.98,0.0
P3_CAS04u_t2_H,CAS,H,Reece 9,2020,CAS_H,train,0,Reece 9,7,u,0,P3,4,49.79822,-112.21793,3.0,49.799274125,-112.288790875,10.041759912,4,9.887529354,449.178002392,4,441.3789107,772.909070914,10,696.02059,0.0,0,0.0,1232.128833218,18,696.02059,1k–5k,5,156250.0,0.0,0.0,0.0,0.0,384980.6717,1668149.119,0.0,430956917.6,0.0
P7_CAS06e_t2_H,CAS,H,"Taber area, Reece 22",2021,CAS_H,valid,0,"Taber area, Reece 22",7,e,1,P7,6,49.88074,-112.14367,3.0,49.799274125,-112.288790875,743.216971967,8,401.9777742,2459.903878144,6,1666.737113,2029.7555495110003,8,1273.208396,0.0,0,0.0,5232.8763996220005,22,1666.737113,> 5k,6,117187.5,0.0,0.0,0.0,13289.02279,7522.077489,6916036.412,0.0,47026961.27,0.0
P7_CAS06e_t2_A,CAS,A,"Taber area, Reece 22",2021,CAS_A,valid,0,"Taber area, Reece 22",7,e,1,P7,6,49.88074,-112.14367,3.0,49.799274125,-112.288790875,743.216971967,8,401.9777742,2459.903878144,6,1666.737113,2029.7555495110003,8,1273.208396,0.0,0,0.0,5232.8763996220005,22,1666.737113,> 5k,6,117187.5,0.0,0.0,0.0,13289.02279,7522.077489,6916036.412,0.0,47026961.27,0.0
P7_CAS10u_t2_G,CAS,G,"Taber area, Reece 35 (named Reece 38 in 2020)",2021,CAS_G,valid,0,"Taber area, Reece 35 (named Reece 38 in 2020)",7,u,0,P7,10,49.800382,-112.116645,3.0,49.799274125,-112.288790875,0.27597794300000006,6,0.081818182,613.054463853,7,441.3789107,25465.162222442,5,25464.16793,0.0,0,0.0,26078.492664237998,18,25464.16793,> 5k,6,312500.0,0.0,0.0,0.0,21679.57959,20423695.27,281930262.3,0.0,109223368.9,0.0
P7_CAS07e_t2_A,CAS,A,"Taber area, Jeremy Dalyce",2021,CAS_A,valid,0,"Taber area, Jeremy Dalyce",7,e,1,P7,7,49.822618,-112.146436,3.0,49.799274125,-112.288790875,733.0663065240001,9,392.1734383,1621.739043424,3,1078.476955,1745.725804191,9,892.1945721,0.0,0,0.0,4100.531154139,21,1078.476955,1k–5k,5,195312.5,0.0,0.0,0.0,66618.25511,2941168.181,499782450.7,0.0,152101986.8,0.0
P7_CAS09e_t2_A,CAS,A,"Taber area, Reece 4 (unexposed site in 2020)",2021,CAS_A,valid,0,"Taber area, Reece 4 (unexposed site in 2020)",7,e,1,P7,9,49.79544,-112.30722,3.0,49.799274125,-112.288790875,0.091823069,3,0.045,555.2480213599999,5,339.522239,875.7346525360001,10,679.044478,0.0,0,0.0,1431.074496965,18,679.044478,1k–5k,5,0.0,0.0,0.0,0.0,0.0,109197885.8,568084424.4,0.0,1058798020.0,0.0
P7_CAS08e_t2_H,CAS,H,"Taber area, Reece 11 (close to Reece 9 in 2020)",2021,CAS_H,valid,0,"Taber area, Reece 11 (close to Reece 9 in 2020)",7,e,1,P7,8,49.79249,-112.216839,3.0,49.799274125,-112.288790875,339.630703252,5,339.522239,639.37912862,3,492.3072466,679.4415957470001,8,679.044478,0.0,0,0.0,1658.451427619,16,679.044478,1k–5k,5,468750.0,0.0,0.0,0.0,9498.50984,101031529.8,10421294.66,0.0,677653477.4,0.0
P7_CAS08e_t2_A,CAS,A,"Taber area, Reece 11 (close to Reece 9 in 2020)",2021,CAS_A,valid,0,"Taber area, Reece 11 (close to Reece 9 in 2020)",7,e,1,P7,8,49.79249,-112.216839,3.0,49.799274125,-112.288790875,339.630703252,5,339.522239,639.37912862,3,492.3072466,679.4415957470001,8,679.044478,0.0,0,0.0,1658.451427619,16,679.044478,1k–5k,5,468750.0,0.0,0.0,0.0,9498.50984,101031529.8,10421294.66,0.0,677653477.4,0.0
P7_CAS07e_t2_H,CAS,H,"Taber area, Jeremy Dalyce",2021,CAS_H,valid,0,"Taber area, Jeremy Dalyce",7,e,1,P7,7,49.822618,-112.146436,3.0,49.799274125,-112.288790875,733.0663065240001,9,392.1734383,1621.739043424,3,1078.476955,1745.725804191,9,892.1945721,0.0,0,0.0,4100.531154139,21,1078.476955,1k–5k,5,195312.5,0.0,0.0,0.0,66618.25511,2941168.181,499782450.7,0.0,152101986.8,0.0
P7_CAS06e_t2_G,CAS,G,"Taber area, Reece 22",2021,CAS_G,valid,0,"Taber area, Reece 22",7,e,1,P7,6,49.88074,-112.14367,3.0,49.799274125,-112.288790875,743.216971967,8,401.9777742,2459.903878144,6,1666.737113,2029.7555495110003,8,1273.208396,0.0,0,0.0,5232.8763996220005,22,1666.737113,> 5k,6,117187.5,0.0,0.0,0.0,13289.02279,7522.077489,6916036.412,0.0,47026961.27,0.0
P7_CAS07e_t2_G,CAS,G,"Taber area, Jeremy Dalyce",2021,CAS_G,valid,0,"Taber area, Jeremy Dalyce",7,e,1,P7,7,49.822618,-112.146436,3.0,49.799274125,-112.288790875,733.0663065240001,9,392.1734383,1621.739043424,3,1078.476955,1745.725804191,9,892.1945721,0.0,0,0.0,4100.531154139,21,1078.476955,1k–5k,5,195312.5,0.0,0.0,0.0,66618.25511,2941168.181,499782450.7,0.0,152101986.8,0.0
P7_CAS10u_t2_A,CAS,A,"Taber area, Reece 35 (named Reece 38 in 2020)",2021,CAS_A,valid,0,"Taber area, Reece 35 (named Reece 38 in 2020)",7,u,0,P7,10,49.800382,-112.116645,3.0,49.799274125,-112.288790875,0.27597794300000006,6,0.081818182,613.054463853,7,441.3789107,25465.162222442,5,25464.16793,0.0,0,0.0,26078.492664237998,18,25464.16793,> 5k,6,312500.0,0.0,0.0,0.0,21679.57959,20423695.27,281930262.3,0.0,109223368.9,0.0
P7_CAS10u_t2_H,CAS,H,"Taber area, Reece 35 (named Reece 38 in 2020)",2021,CAS_H,valid,0,"Taber area, Reece 35 (named Reece 38 in 2020)",7,u,0,P7,10,49.800382,-112.116645,3.0,49.799274125,-112.288790875,0.27597794300000006,6,0.081818182,613.054463853,7,441.3789107,25465.162222442,5,25464.16793,0.0,0,0.0,26078.492664237998,18,25464.16793,> 5k,6,312500.0,0.0,0.0,0.0,21679.57959,20423695.27,281930262.3,0.0,109223368.9,0.0
P7_CAS09u_t2_H,CAS,H,"Taber area, Reece 7",2021,CAS_H,valid,0,"Taber area, Reece 7",7,u,0,P7,9,49.798763,-112.256737,3.0,49.799274125,-112.288790875,0.5372864770000001,6,0.361549498,648.482316545,4,560.2116944,679.6930587180001,5,679.044478,0.0,0,0.0,1328.71266174,15,679.044478,1k–5k,5,390625.0,0.0,0.0,0.0,35.0,124344747.8,3331765405.0,0.0,86778396.53,0.361549498
P7_CAS06u_t2_H,CAS,H,"Taber area, Reece 21",2021,CAS_H,valid,0,"Taber area, Reece 21",7,u,0,P7,6,49.902611,-112.152299,3.0,49.799274125,-112.288790875,393.89397895099995,7,392.1734383,594.4911387000001,5,339.522239,689.959259284,7,679.044478,0.0,0,0.0,1678.3443769350001,19,679.044478,1k–5k,5,0.0,0.0,0.0,0.0,5232.192199,244207387.1,814443562.8,0.0,393455488.7,0.0
P7_CAS06u_t2_A,CAS,A,"Taber area, Reece 21",2021,CAS_A,valid,0,"Taber area, Reece 21",7,u,0,P7,6,49.902611,-112.152299,3.0,49.799274125,-112.288790875,393.89397895099995,7,392.1734383,594.4911387000001,5,339.522239,689.959259284,7,679.044478,0.0,0,0.0,1678.3443769350001,19,679.044478,1k–5k,5,0.0,0.0,0.0,0.0,5232.192199,244207387.1,814443562.8,0.0,393455488.7,0.0
P7_CAS10e_t2_A,CAS,A,"Taber area, Jeremy Miranda",2021,CAS_A,valid,0,"Taber area, Jeremy Miranda",7,e,1,P7,10,49.772386,-112.128359,3.0,49.799274125,-112.288790875,0.259493825,6,0.113636364,624.360247275,6,526.2594705,733.726209618,8,729.9728139,0.0,0,0.0,1358.345950718,20,729.9728139,1k–5k,5,39062.5,0.0,0.0,0.0,73556.18803,154925644.1,207765373.2,0.0,122986159.4,0.0
P7_CAS09u_t2_A,CAS,A,"Taber area, Reece 7",2021,CAS_A,valid,0,"Taber area, Reece 7",7,u,0,P7,9,49.798763,-112.256737,3.0,49.799274125,-112.288790875,0.5372864770000001,6,0.361549498,648.482316545,4,560.2116944,679.6930587180001,5,679.044478,0.0,0,0.0,1328.71266174,15,679.044478,1k–5k,5,390625.0,0.0,0.0,0.0,35.0,124344747.8,3331765405.0,0.0,86778396.53,0.361549498
P7_CAS08u_t2_A,CAS,A,"Taber area, Reece 47a",2021,CAS_A,valid,0,"Taber area, Reece 47a",7,u,0,P7,8,49.808426,-112.169873,3.0,49.799274125,-112.288790875,0.16585746099999998,6,0.045,645.111144913,3,645.0922541,680.725158728,7,679.044478,0.0,0,0.0,1326.002161102,16,679.044478,1k–5k,5,0.0,0.0,0.0,0.0,188092.4872,9378044.334,114189048.6,0.0,208187463.1,0.0
P7_CAS10e_t2_H,CAS,H,"Taber area, Jeremy Miranda",2021,CAS_H,valid,0,"Taber area, Jeremy Miranda",7,e,1,P7,10,49.772386,-112.128359,3.0,49.799274125,-112.288790875,0.259493825,6,0.113636364,624.360247275,6,526.2594705,733.726209618,8,729.9728139,0.0,0,0.0,1358.345950718,20,729.9728139,1k–5k,5,39062.5,0.0,0.0,0.0,73556.18803,154925644.1,207765373.2,0.0,122986159.4,0.0
P7_CAS09u_t2_G,CAS,G,"Taber area, Reece 7",2021,CAS_G,valid,0,"Taber area, Reece 7",7,u,0,P7,9,49.798763,-112.256737,3.0,49.799274125,-112.288790875,0.5372864770000001,6,0.361549498,648.482316545,4,560.2116944,679.6930587180001,5,679.044478,0.0,0,0.0,1328.71266174,15,679.044478,1k–5k,5,390625.0,0.0,0.0,0.0,35.0,124344747.8,3331765405.0,0.0,86778396.53,0.361549498
P7_CAS07u_t2_G,CAS,G,"Taber area, Reece 20? (named Reece 49 in 2020)",2021,CAS_G,valid,0,"Taber area, Reece 20? (named Reece 49 in 2020)",7,u,0,P7,7,49.842862,-112.144686,3.0,49.799274125,-112.288790875,98.92933520000001,8,98.04335957,995.048023884,5,519.6298057,881.2404887690001,8,679.044478,0.0,0,0.0,1975.217847853,21,679.044478,1k–5k,5,195312.5,0.0,0.0,0.0,44728.02185,220521.7638,883392712.0,0.0,124440332.8,0.0
P7_CAS07u_t2_A,CAS,A,"Taber area, Reece 20? (named Reece 49 in 2020)",2021,CAS_A,valid,0,"Taber area, Reece 20? (named Reece 49 in 2020)",7,u,0,P7,7,49.842862,-112.144686,3.0,49.799274125,-112.288790875,98.92933520000001,8,98.04335957,995.048023884,5,519.6298057,881.2404887690001,8,679.044478,0.0,0,0.0,1975.217847853,21,679.044478,1k–5k,5,195312.5,0.0,0.0,0.0,44728.02185,220521.7638,883392712.0,0.0,124440332.8,0.0
P7_CAS08u_t2_H,CAS,H,"Taber area, Reece 47a",2021,CAS_H,valid,0,"Taber area, Reece 47a",7,u,0,P7,8,49.808426,-112.169873,3.0,49.799274125,-112.288790875,0.16585746099999998,6,0.045,645.111144913,3,645.0922541,680.725158728,7,679.044478,0.0,0,0.0,1326.002161102,16,679.044478,1k–5k,5,0.0,0.0,0.0,0.0,188092.4872,9378044.334,114189048.6,0.0,208187463.1,0.0
P7_CAS07u_t2_H,CAS,H,"Taber area, Reece 20? (named Reece 49 in 2020)",2021,CAS_H,valid,0,"Taber area, Reece 20? (named Reece 49 in 2020)",7,u,0,P7,7,49.842862,-112.144686,3.0,49.799274125,-112.288790875,98.92933520000001,8,98.04335957,995.048023884,5,519.6298057,881.2404887690001,8,679.044478,0.0,0,0.0,1975.217847853,21,679.044478,1k–5k,5,195312.5,0.0,0.0,0.0,44728.02185,220521.7638,883392712.0,0.0,124440332.8,0.0
P7_CAS09e_t2_H,CAS,H,"Taber area, Reece 4 (unexposed site in 2020)",2021,CAS_H,valid,0,"Taber area, Reece 4 (unexposed site in 2020)",7,e,1,P7,9,49.79544,-112.30722,3.0,49.799274125,-112.288790875,0.091823069,3,0.045,555.2480213599999,5,339.522239,875.7346525360001,10,679.044478,0.0,0,0.0,1431.074496965,18,679.044478,1k–5k,5,0.0,0.0,0.0,0.0,0.0,109197885.8,568084424.4,0.0,1058798020.0,0.0
P7_CAS06u_t2_G,CAS,G,"Taber area, Reece 21",2021,CAS_G,valid,0,"Taber area, Reece 21",7,u,0,P7,6,49.902611,-112.152299,3.0,49.799274125,-112.288790875,393.89397895099995,7,392.1734383,594.4911387000001,5,339.522239,689.959259284,7,679.044478,0.0,0,0.0,1678.3443769350001,19,679.044478,1k–5k,5,0.0,0.0,0.0,0.0,5232.192199,244207387.1,814443562.8,0.0,393455488.7,0.0
P7_CAS09e_t2_G,CAS,G,"Taber area, Reece 4 (unexposed site in 2020)",2021,CAS_G,valid,0,"Taber area, Reece 4 (unexposed site in 2020)",7,e,1,P7,9,49.79544,-112.30722,3.0,49.799274125,-112.288790875,0.091823069,3,0.045,555.2480213599999,5,339.522239,875.7346525360001,10,679.044478,0.0,0,0.0,1431.074496965,18,679.044478,1k–5k,5,0.0,0.0,0.0,0.0,0.0,109197885.8,568084424.4,0.0,1058798020.0,0.0
P7_CAS10e_t2_G,CAS,G,"Taber area, Jeremy Miranda",2021,CAS_G,valid,0,"Taber area, Jeremy Miranda",7,e,1,P7,10,49.772386,-112.128359,3.0,49.799274125,-112.288790875,0.259493825,6,0.113636364,624.360247275,6,526.2594705,733.726209618,8,729.9728139,0.0,0,0.0,1358.345950718,20,729.9728139,1k–5k,5,39062.5,0.0,0.0,0.0,73556.18803,154925644.1,207765373.2,0.0,122986159.4,0.0
P7_CAS08u_t2_G,CAS,G,"Taber area, Reece 47a",2021,CAS_G,valid,0,"Taber area, Reece 47a",7,u,0,P7,8,49.808426,-112.169873,3.0,49.799274125,-112.288790875,0.16585746099999998,6,0.045,645.111144913,3,645.0922541,680.725158728,7,679.044478,0.0,0,0.0,1326.002161102,16,679.044478,1k–5k,5,0.0,0.0,0.0,0.0,188092.4872,9378044.334,114189048.6,0.0,208187463.1,0.0
P7_CAS08e_t2_G,CAS,G,"Taber area, Reece 11 (close to Reece 9 in 2020)",2021,CAS_G,valid,0,"Taber area, Reece 11 (close to Reece 9 in 2020)",7,e,1,P7,8,49.79249,-112.216839,3.0,49.799274125,-112.288790875,339.630703252,5,339.522239,639.37912862,3,492.3072466,679.4415957470001,8,679.044478,0.0,0,0.0,1658.451427619,16,679.044478,1k–5k,5,468750.0,0.0,0.0,0.0,9498.50984,101031529.8,10421294.66,0.0,677653477.4,0.0
